"Sample_ID","gender","ethnicity","first_name","last_name"
1,"Female","Asian","Mia","Chun"
2,"Male","American Indian","Dillon","Echohawk"
3,"Female","Black","Laquisheanna","Taylor"
4,"Male","Hispanic","Aldair","Flores"
5,"Female","American Indian","Courtney","Sosa"
6,"Male","Asian","Jacob","Del Valle"
7,"Female","Hispanic","Cecilia","Saucedo"
8,"Male","White","Tyler","Christopher"
9,"Male","Middle Eastern","Daif","al-Sharif"
10,"Male","White","Alexander","Beiriger"
11,"Male","Hispanic","Leopoldo","Leyva"
12,"Male","Middle Eastern","Rayyaan","el-Azer"
13,"Female","Asian","Anjing","Luong"
14,"Male","White","Cody","Toler"
15,"Male","White","Benjamin","Brown"
16,"Female","Asian","Sarah","Lee"
17,"Male","American Indian","Derek","Koontz"
18,"Female","Middle Eastern","Khairiya","el-Alam"
19,"Female","Hispanic","Mariah","Flores"
20,"Female","Black","Kianna","Price"
21,"Male","Hispanic","Jeremy","Flores"
22,"Male","White","Justin","Hansen"
23,"Male","White","Connor","Schaal"
24,"Female","American Indian","Taraleah","Slowman"
25,"Male","Asian","John","Sun"
26,"Male","White","Dean","Washington"
27,"Male","Black","Mareeon","Simmons"
28,"Male","Black","William","Ford"
29,"Female","Black","Ajahne","Pounal"
30,"Female","Black","Lorraine","Ross"
31,"Male","Middle Eastern","Abdul Noor","al-Ben"
32,"Female","Hispanic","Diana","Alfaro"
33,"Male","Hispanic","Derick","Reyes"
34,"Female","American Indian","Bethany","Nack"
35,"Female","White","Cassandra","Sullivan"
36,"Female","Middle Eastern","Musfira","el-Karimi"
37,"Female","Black","Valencia","Rich"
38,"Female","Asian","Seraphine","Yang"
39,"Female","Black","Kadejah","Cotton"
40,"Male","American Indian","Samuel","Whiteskunk"
41,"Male","Asian","Venancio","Han"
42,"Male","American Indian","Lawrence","Smith"
43,"Female","White","Kealey","Adcock"
44,"Male","Middle Eastern","Ya'qoob","el-Tawil"
45,"Female","Middle Eastern","Maajida","el-Salahuddin"
46,"Male","Black","Romario","Watkins"
47,"Male","Middle Eastern","Abdul Qayyoom","al-Agha"
48,"Female","Black","Tyesha","Conner"
49,"Male","White","Thomas","Tate"
50,"Female","Black","Kenia","Thompson Jr"
51,"Female","Black","Unikka","Doublin"
52,"Male","Asian","Zan","Suinn"
53,"Male","Asian","Christopher","Worley"
54,"Female","White","Kathryn","King"
55,"Male","Middle Eastern","Umar","el-Farrah"
56,"Male","White","Arthur","Kappel"
57,"Female","Black","Awar","Galindo Ortiz"
58,"Male","White","Zachary","Saponas"
59,"Male","White","Jordon","Pettit"
60,"Female","Hispanic","Miranda","Ramirez-Torres"
61,"Male","Asian","Curtis","Barbour"
62,"Female","White","Ashley","Oestman"
63,"Male","White","Ryan","Huffmaster"
64,"Female","Hispanic","Ashley","Wilcox"
65,"Female","American Indian","Nastashia","Jefferson"
66,"Female","Middle Eastern","Shakeela","al-Lodi"
67,"Female","White","Mariah","Young"
68,"Female","Middle Eastern","Sireen","el-Abdo"
69,"Male","Black","Shaawn","Stevenson"
70,"Female","Middle Eastern","Adhraaa","el-Pirani"
71,"Male","American Indian","Richard","Reddell"
72,"Male","White","Weston","Chapel"
73,"Female","White","Tiffany","Bartholomay"
74,"Male","Asian","Ravindra","Fatt"
75,"Male","American Indian","Seth","Smith"
76,"Female","Asian","Nhu","Huynh"
77,"Female","White","Zoey","Schreffler"
78,"Female","Asian","Ayrielle","Pham"
79,"Female","Asian","Elizabeth","Auyeung"
80,"Female","American Indian","Brianna","Calano"
81,"Female","Asian","Nkaujiaong","Ahmed Naji"
82,"Male","American Indian","Bryan","Latham"
83,"Male","Asian","Amarjargal","Cash"
84,"Female","Middle Eastern","Nooriyya","al-Dada"
85,"Male","Black","Joel-Ira","Bailey"
86,"Male","Asian","Anh","Tran"
87,"Male","Asian","Bryan","Nguyen"
88,"Female","White","Mariah","Woodward"
89,"Female","Middle Eastern","Farhaana","el-Saleh"
90,"Male","Hispanic","Lorenzo","Garcia"
91,"Female","White","Khori","Adair"
92,"Female","American Indian","Briana","Thompson"
93,"Female","Asian","Loutricia","Tsen"
94,"Female","American Indian","Madison","Ruybal"
95,"Male","Black","Andrew","Gayle"
96,"Female","American Indian","Brittany","Ponce"
97,"Male","American Indian","Austin","Daughtry"
98,"Female","Asian","Tarah","Rabbipal"
99,"Male","American Indian","Aaron","Rice"
100,"Female","Asian","Alyssa","Ondrejka"
101,"Male","Asian","Matthew","Mafi"
102,"Female","American Indian","Shelby","Murphy"
103,"Male","Black","Raymond","White"
104,"Male","American Indian","Colton","Jamison"
105,"Female","American Indian","Katelyn","Willbanks"
106,"Female","White","Alexis","Sanford"
107,"Male","Asian","Nathan","Radzihovsky"
108,"Female","Asian","Luna","Tosi"
109,"Female","Asian","Bhewattie","Nguyen"
110,"Female","White","Zola","Munoz"
111,"Male","Asian","Abhi","Long"
112,"Female","White","Jessie","Fuchs"
113,"Male","Asian","Barinder","Justino"
114,"Female","American Indian","Rebecca","Villanueva"
115,"Female","Asian","Lakshmi Harshitha","Reynolds"
116,"Male","American Indian","Richard","Lapointe"
117,"Male","American Indian","Carlito","Hoffman"
118,"Female","Asian","Sarah","Kim"
119,"Female","Black","Brianna","Coleman"
120,"Female","Hispanic","Cristina","Melendez-Ramos"
121,"Male","Hispanic","Michael","Cuevas Carrillo"
122,"Female","American Indian","Talon","Oyebi"
123,"Female","White","Alisha","Herring"
124,"Female","Hispanic","Carissa","Uvalle-Serrano"
125,"Male","American Indian","Wanbli","Salido"
126,"Male","Hispanic","Francisco","Fontes"
127,"Female","American Indian","Tristany","Baca"
128,"Male","Hispanic","Antonio","Abalos"
129,"Female","American Indian","Alexandria","Gurule"
130,"Female","Hispanic","Maria","Ramirez"
131,"Male","Asian","Kaine","Silevani"
132,"Female","American Indian","Shelby","Patchett"
133,"Male","American Indian","Joshua","Garcia"
134,"Male","Hispanic","Mario","Pacheco"
135,"Female","Asian","Gow Xhoua","Zhen"
136,"Male","White","Scott","Davis"
137,"Female","American Indian","Mckenzy","Renner"
138,"Female","Black","Tyesha","Claridy"
139,"Male","Hispanic","Andres","Hollines"
140,"Male","Asian","John","Smith"
141,"Female","Black","Lakeyia","Moore"
142,"Male","Black","Gabriel","Wilson"
143,"Female","American Indian","Jennifer","Brown"
144,"Female","American Indian","Brittany","Ransom"
145,"Male","Black","Rodney","Abdullahi"
146,"Male","American Indian","Rafael","Thompson"
147,"Male","Asian","Byung Hoon","Thompson"
148,"Female","White","Isabel","Narramore"
149,"Female","Hispanic","Anna","Valdez"
150,"Female","Middle Eastern","Farhaana","el-Khalil"
151,"Male","Hispanic","Paola","Delgado"
152,"Female","American Indian","Lawanda","Hering"
153,"Male","Middle Eastern","Muhammad","el-Siddique"
154,"Female","Asian","Helen","Bui"
155,"Female","White","Brittany","Schweiss"
156,"Male","Middle Eastern","Maazin","al-Farag"
157,"Male","Black","Shaquillo","Sweeney Jr"
158,"Male","Asian","Yang","Duran"
159,"Male","American Indian","Marcos","Toledo"
160,"Male","Middle Eastern","Naasif","el-Farra"
161,"Female","American Indian","Teryl","Garcia"
162,"Female","Black","Jaleesa","Black"
163,"Female","Hispanic","Tracy","Quintana"
164,"Male","American Indian","Emilio","Johnson"
165,"Male","Middle Eastern","Neeshaan","al-Matar"
166,"Female","Middle Eastern","Manaara","el-Safi"
167,"Female","Middle Eastern","Sameeha","el-Rehman"
168,"Male","Middle Eastern","Taariq","el-Karim"
169,"Female","Black","Erin","Christmas"
170,"Male","American Indian","Jeffrey","Webb"
171,"Female","Hispanic","Yanet","Lira"
172,"Male","Black","Djen","Taylor"
173,"Male","Asian","Charles","Majid"
174,"Female","White","Sarah","Mcguire"
175,"Male","Asian","Pravan","Perlas"
176,"Female","Middle Eastern","Juwairiya","el-Younis"
177,"Female","Hispanic","Julia","Vasquez"
178,"Female","Hispanic","Mia","Escamilla"
179,"Male","Middle Eastern","Waddaah","el-Shafi"
180,"Female","Black","Shamaya","Rachel"
181,"Female","American Indian","Briana","Latham"
182,"Female","Hispanic","Berenisse","Davila"
183,"Female","Hispanic","Yvonne","Almanza"
184,"Female","Black","Jocelyn","Lee-Davis"
185,"Male","American Indian","Dah'Som","Haskan"
186,"Male","Asian","Cam","Prout"
187,"Female","Black","Inikpi","Pitts"
188,"Male","American Indian","Nathan","Bunting"
189,"Female","White","Sarah","Hobson"
190,"Male","Black","Tion","Ballou"
191,"Female","American Indian","Aerika","Barron"
192,"Female","Asian","Hayley","Moala"
193,"Female","Asian","Melinda","Hoffman"
194,"Female","Black","Jacelyn","Davidson"
195,"Male","American Indian","Ishi","Heuman"
196,"Female","Asian","Hayley","Kang"
197,"Female","American Indian","Ellen","Kirby"
198,"Female","Middle Eastern","Raihaana","el-Edris"
199,"Male","White","Colton","Hiatt"
200,"Female","Hispanic","Eileen","Smith"
201,"Male","Middle Eastern","Rayyaan","al-Omar"
202,"Female","Middle Eastern","Zuhaira","al-Habib"
203,"Male","American Indian","Wambli","Weaver"
204,"Male","Black","Marquise","Williams"
205,"Female","Black","Chloe","Moss"
206,"Female","Middle Eastern","Mufliha","al-Mohamed"
207,"Male","Middle Eastern","Badruddeen","el-Salik"
208,"Male","Black","Demarcos","Diamond"
209,"Female","American Indian","Kree","Trujillo"
210,"Female","Asian","Patao","Dizon"
211,"Female","Hispanic","Karla","Rodriguez"
212,"Female","Asian","Sydney","Phan"
213,"Female","American Indian","Danita","Ransom"
214,"Female","Asian","Wanyi","Yoon"
215,"Male","Hispanic","James","Molina"
216,"Female","Middle Eastern","Raaniya","al-Nasser"
217,"Male","White","Greg","Hecht"
218,"Female","Hispanic","Patricia","Perez"
219,"Male","White","Kyle","Hoffman"
220,"Male","American Indian","Mitchell","Tohtsonie"
221,"Female","Hispanic","Kathleen","Calderon"
222,"Female","Hispanic","Nicole","Loa"
223,"Female","Black","Felicity","Thomas"
224,"Male","Black","Darius","Pasley"
225,"Male","Black","Matthew","Ducro"
226,"Female","White","Olivia","Sipsey"
227,"Male","American Indian","Elizario","Begaye"
228,"Female","American Indian","Jordan","Wallace"
229,"Male","Black","Travis","Jones"
230,"Male","Middle Eastern","Naasiruddeen","al-Nassif"
231,"Male","Black","Shomari","Kennedy"
232,"Female","American Indian","Daizha","Begaye"
233,"Male","Hispanic","Joshua","Esparza-Desantiago"
234,"Female","Asian","Josie","Hardy"
235,"Male","Asian","Richard","Ubungen Miller"
236,"Male","White","Jonah","Robinson"
237,"Female","Asian","Navya","Lawson"
238,"Female","Black","Brittany","Chasteen"
239,"Male","Black","Juston","Jones"
240,"Male","Black","Cedric","Jackson"
241,"Male","White","Joshua","Sammons"
242,"Female","Asian","Rachel","Vang"
243,"Female","Asian","Megan","Hite"
244,"Female","Asian","Ashwini","Kim"
245,"Female","Black","Deidra","Kincheloe"
246,"Male","Hispanic","Tomas","Magana"
247,"Male","Black","O'Shea","Glao"
248,"Female","Hispanic","Andrea","Jenson"
249,"Male","American Indian","Chase","Rohrkaste"
250,"Male","Hispanic","Derek","Little-Zamora"
251,"Female","Hispanic","Brooke","Ortiz"
252,"Male","White","Avery","Shelton"
253,"Female","Middle Eastern","Mawzoona","el-Amini"
254,"Male","Asian","Sang","Gefroh"
255,"Female","Middle Eastern","Mahmooda","al-Ibrahim"
256,"Male","American Indian","Jeremy","Guill"
257,"Male","Black","Injiya","Smith"
258,"Female","American Indian","Lauren","Anders"
259,"Male","Asian","Sergei","Moin"
260,"Female","American Indian","Isabella","Dunn"
261,"Male","Black","Marcus","Hardin Lawson"
262,"Female","White","Maegan","Brunk"
263,"Female","American Indian","Kali","Alarid"
264,"Male","Black","Carter","Christian"
265,"Male","White","Joshua","Gorny"
266,"Female","Black","Chelsea","Pinkett"
267,"Male","White","Kenneth","Crance"
268,"Male","White","Eric","Mattila"
269,"Male","White","Jake","Swantkoski"
270,"Female","Black","Halen","Smith"
271,"Female","Middle Eastern","Hamda","al-Sultan"
272,"Male","White","Sean","Miller"
273,"Male","White","Justin","Foote"
274,"Male","Hispanic","Bryan","Lazo"
275,"Male","White","Dalton","Leet"
276,"Male","Asian","Long","Nguyen"
277,"Female","Asian","Gina","Wu"
278,"Female","American Indian","Madaline","Thompson"
279,"Male","American Indian","Drew","Martinez"
280,"Male","Black","Alexander","Palmer"
281,"Female","American Indian","Amber","Chambers"
282,"Female","Asian","Cathy","Grasso"
283,"Male","White","Mackean","Hill"
284,"Female","Middle Eastern","Juhaina","al-Shakir"
285,"Female","American Indian","Krista","Verde"
286,"Male","American Indian","Hunter","Oetken"
287,"Male","Asian","Bryan","Nguyen"
288,"Male","Black","Cory","Parker"
289,"Male","Black","Avery","Moise"
290,"Male","Black","Maliek","Massey"
291,"Female","Asian","Amanda","Choe"
292,"Female","White","Mercedes","Fratantuono"
293,"Female","Asian","Lesley","Jolly"
294,"Female","Hispanic","Sofia","Gomez"
295,"Male","Black","Christopher","Watson"
296,"Male","American Indian","Clayton","Herrera"
297,"Male","White","Cole","Loewen"
298,"Female","Hispanic","Xochitl","Franco"
299,"Female","White","Alexia","Day"
300,"Female","American Indian","Charlene","Peil"
301,"Female","Black","Whitney","Bradley-Jackson"
302,"Female","Hispanic","Lillian","Diaz Castaneda"
303,"Female","White","Morgan","Mills"
304,"Male","White","Justin","Brown"
305,"Female","Hispanic","Sarah","Valdez"
306,"Male","Black","Javone","Turner"
307,"Female","American Indian","Christian","Cruze"
308,"Male","Asian","Qing","Kaur"
309,"Female","Asian","Khatlyn","Kim"
310,"Female","Hispanic","Destiny","Guerrero-Flores"
311,"Female","Asian","Emily","Worley"
312,"Male","White","Frank","Sansom"
313,"Male","Asian","Christian","Marks"
314,"Male","White","Nicholas","Miller"
315,"Female","Black","Ashley","Agbeke"
316,"Female","Hispanic","Lindsey","Castillo Zamora"
317,"Female","White","Teddy","Janzen"
318,"Female","White","Candice","Schulte"
319,"Male","Asian","Michael","Suto"
320,"Female","Asian","Callie","Carrigan"
321,"Female","White","Bailey","States"
322,"Male","Asian","Roshan","Oyama"
323,"Female","Asian","Katja","Ahmad"
324,"Female","Middle Eastern","Sabiyya","el-Harron"
325,"Male","American Indian","Benton","Benally"
326,"Female","Hispanic","Teyanna","Padilla"
327,"Male","Black","Jamal","Guillory"
328,"Male","Asian","Cameron","Shinkle"
329,"Female","Asian","Nicole","Yang"
330,"Male","Asian","Anurag","Karman"
331,"Female","American Indian","Cheyenne","Kirven"
332,"Male","American Indian","Bradley","Ramirez"
333,"Male","American Indian","Ishi","Park"
334,"Female","Asian","Arriane Julia","Luong"
335,"Male","White","Talon","Stein"
336,"Male","Hispanic","Armando","Aragon"
337,"Female","Asian","Eliza","Mcclure"
338,"Female","Middle Eastern","Sahheeda","el-Yassin"
339,"Male","Asian","Jason","Mcgough"
340,"Male","American Indian","Othell","Weaver"
341,"Female","American Indian","Jakarah","Martinez"
342,"Male","Hispanic","Dominic","Quintana"
343,"Male","Asian","Steven","Bull"
344,"Female","White","Amber","Cross"
345,"Male","American Indian","Casey","Mowers"
346,"Male","Asian","Matthew","Nguyen"
347,"Female","White","Megan","Yeager"
348,"Male","White","Tristin","Mccannon"
349,"Male","Black","Dante","Demeke"
350,"Female","Middle Eastern","Kaatima","el-Beydoun"
351,"Female","Asian","Allyssa","Wu"
352,"Female","American Indian","Hysendra","Alcantar"
353,"Female","Hispanic","Eunice","Gallegos-Montano"
354,"Female","American Indian","Makayla","Thompson"
355,"Female","American Indian","Shanay","Newton"
356,"Male","Black","Dante","Woods"
357,"Female","Hispanic","Sara","Boltz"
358,"Male","White","Zachary","Taylor"
359,"Female","White","Haley","Lee"
360,"Female","American Indian","Selena","Peterson"
361,"Female","Hispanic","Angela","Gutierrez"
362,"Female","Asian","Julia Isabel","Tran"
363,"Male","Hispanic","Jared","Ramos Ramirez"
364,"Male","Black","Michael","Rogers"
365,"Male","Middle Eastern","Saami","al-Huq"
366,"Female","American Indian","Shawnia","Adams"
367,"Female","Black","Monique","Evans"
368,"Male","Hispanic","Jose","Reyes"
369,"Male","Middle Eastern","Zaidaan","al-Din"
370,"Female","Hispanic","Maribel","Herrera"
371,"Male","White","Ian","Adams"
372,"Female","Hispanic","Destiny","Sanchez"
373,"Female","White","Whitney","Hinckley"
374,"Female","Middle Eastern","Azeeza","el-Farooqui"
375,"Male","Middle Eastern","Ibrahim","al-Sabet"
376,"Male","Asian","John","Generalao"
377,"Female","White","Arien","Cleland"
378,"Female","Middle Eastern","Sanaaa","el-Taha"
379,"Male","White","Dakota","Raab"
380,"Male","Hispanic","Enzo","Fuentes"
381,"Male","Middle Eastern","Nazmi","al-Sahli"
382,"Male","American Indian","Jonah","Johnson"
383,"Female","Middle Eastern","Aaisha","el-Harroun"
384,"Female","Black","Cynthia","Butler"
385,"Male","White","Marshall","Pepin"
386,"Female","Middle Eastern","Nakheel","el-Habibi"
387,"Female","Middle Eastern","Ariyya","al-Asad"
388,"Male","Hispanic","Jose","Diaz"
389,"Female","Hispanic","Danielle","Escamilla"
390,"Male","Hispanic","Luis","Ruybal"
391,"Female","Middle Eastern","Hamsa","al-Riaz"
392,"Female","American Indian","Alexandria","Hobley"
393,"Male","Hispanic","Alejandro","Sanchez"
394,"Male","White","Kenneth","Harris"
395,"Male","Hispanic","Santos","Ferro"
396,"Female","American Indian","Luanne","Bartole"
397,"Female","American Indian","Janetta","Clark"
398,"Female","Asian","Anh","Nguyen"
399,"Female","Black","A Lea","Nesbitt"
400,"Male","Hispanic","Jonathan","Lopez"
401,"Female","Black","Mckenzie","Carter"
402,"Female","Middle Eastern","Mahdhoodha","al-Ghattas"
403,"Female","White","Sloan","Vogt"
404,"Female","Black","Sumayyah","Baye"
405,"Male","Asian","Alex","Yoon"
406,"Male","White","Deven","Dellavalle"
407,"Female","Black","Marlena","Manning"
408,"Female","Asian","Shirley","Kitashima"
409,"Female","Middle Eastern","Waheeda","al-Rasul"
410,"Female","American Indian","Charline","Werner"
411,"Female","American Indian","Mia","Mckinney"
412,"Female","White","Alyshia","Spradlin"
413,"Female","Hispanic","Vanessa","Osorio Perez"
414,"Female","White","Lindsay","Pelton"
415,"Female","Hispanic","Gabrielle","Trujillo-Garcia"
416,"Female","Asian","Hsing","Hishinuma"
417,"Female","Black","Kimberly","Stibbs"
418,"Male","Middle Eastern","Adnaan","al-Hashem"
419,"Male","Middle Eastern","Huraira","al-Rais"
420,"Male","Middle Eastern","Ghaazi","el-Abad"
421,"Male","Hispanic","Kyle","Lopez"
422,"Female","White","Jaclyn","Kovac"
423,"Female","Black","Kirstin","Lewis"
424,"Male","Black","Cedric","Denton"
425,"Male","Hispanic","Joel","Delgado"
426,"Female","Asian","Tayler","Tran"
427,"Female","White","Shannon","Hart"
428,"Male","Black","Keenan","Powell-Diaz"
429,"Female","Hispanic","Jennifer","Rascon"
430,"Female","Asian","Amy","Bottlemy"
431,"Male","Hispanic","Leonel","Galvez"
432,"Male","Asian","Karthik","Chen"
433,"Female","White","Jessica","Palko"
434,"Male","Middle Eastern","Fahmi","el-Yusuf"
435,"Female","Middle Eastern","Faseeha","al-Gad"
436,"Male","Asian","Alexander","Kosuri"
437,"Male","Middle Eastern","Ramzi","el-Hakeem"
438,"Male","American Indian","Steven","Bear"
439,"Female","Black","Tyrii","Johnson III"
440,"Male","Hispanic","Alexiz","Zocarro-Marquez"
441,"Male","Hispanic","Domingo","Lucero"
442,"Female","Middle Eastern","Aasima","al-Shaheen"
443,"Female","Black","Marva","Williams"
444,"Female","Asian","Hye","Her"
445,"Male","Middle Eastern","Ameer","el-Masood"
446,"Female","Asian","Stephanie","Krishnan"
447,"Male","White","Landon","Guillory"
448,"Male","Middle Eastern","Abdullah","al-Rahim"
449,"Male","Middle Eastern","Nashat","el-Sham"
450,"Female","Middle Eastern","Raheema","al-Ghani"
451,"Male","Black","Mychal","Charity"
452,"Male","Hispanic","Edgar","Sanchez"
453,"Male","Hispanic","Juan","Bernal"
454,"Male","White","Timothy","Bonde"
455,"Male","Black","Dazjuan","Dixon"
456,"Female","White","Miranda","Moore"
457,"Female","Hispanic","Samantha","Martinez"
458,"Male","Asian","Addison","Her"
459,"Female","Hispanic","Destiny","Gonzales-Flores"
460,"Male","Black","Da'Nell","Jenkins"
461,"Female","Black","Alexus","Adams"
462,"Male","Hispanic","Pablo","Vargas"
463,"Female","American Indian","De'Jane","Mccomb"
464,"Female","Middle Eastern","Mudrika","al-Halim"
465,"Male","Asian","Anthony","Duong"
466,"Male","American Indian","Alvin","Jones"
467,"Male","Black","Daviyon","Fahn"
468,"Male","Asian","Calvin","Ioane"
469,"Male","Middle Eastern","Abdul Waahid","el-Reza"
470,"Female","American Indian","Auna","Spore"
471,"Female","Black","Krystyna","Malone-Rogers"
472,"Male","Black","Deaidreiss","Turner"
473,"Female","Black","Ambria","Woods"
474,"Female","White","Lisa","Hearlson"
475,"Male","Asian","David","Lomu"
476,"Male","Black","Javon","Husser"
477,"Female","Hispanic","Janet","Groom"
478,"Male","Asian","Seung","Punay"
479,"Male","White","Aaron","Petersen"
480,"Female","American Indian","Cheyenne","Macneilly"
481,"Male","Black","Kae'Vaughn","Gonzales"
482,"Female","Middle Eastern","Nazmiyya","al-Mina"
483,"Female","Hispanic","Alena","Velasquez"
484,"Male","Black","Myles","Miller"
485,"Female","Middle Eastern","Amniyya","el-Azam"
486,"Male","Black","Teray","White"
487,"Female","White","Emma","Everett"
488,"Male","American Indian","Richard","Schenally"
489,"Male","American Indian","Chaz","Lewis"
490,"Male","Black","Cory","Rouse"
491,"Male","White","Joshua","Dunham"
492,"Male","Middle Eastern","Asghar","el-Bashir"
493,"Male","Hispanic","Kyle","Tamez"
494,"Female","White","Kareena","Berridge"
495,"Male","Black","Caelan","Howard"
496,"Male","White","John","Randolph"
497,"Male","Asian","Eric","Le"
498,"Male","White","Julien","Cordova"
499,"Female","Black","Tynisha","Prempeh"
500,"Male","Middle Eastern","Nizaar","el-Dar"
