Sample_ID,gender,ethnicity,first_name,last_name,Country,City,age,height,bmi,Education level,SNP_1,SNP_2,SNP_3,SNP_4,SNP_5,M4rk,Ch4d3au,S4br1na,R0dr1gu3s,Ab4s,D3ng4n,f111pos,f111p1d1s,J3ffr,34t0n,case_status
1,1,White,Jesse,Koehler,Hungary,Budapest,25,177.37,24.08,bachelor,2,0,1,2,2,0,0,2439.971157,7655.489472,R509qk7rWi,8yy4FPWFyH,1913.186704,1515.618843,1426.179585,1633.340657,TRUE
2,1,Middle Eastern,Shajee'a,al-Amiri,Morocco,Rabat,22,168.73,23.54,phD,1,0,1,1,0,0,0,1495.386342,8871.927125,7L3RoqA5QF,vf6BBk8ErN,1851.094462,1402.35012,1053.230967,1039.852307,TRUE
3,1,American Indian,Cam,Lapaz,Eswatini,Mbabane/Lobamba,26,171.49,23.45,high school,0,0,2,2,2,0,0,6625.911667,1089.021343,pEIO3rwE5R,L0KNq4bdvh,826.9536959,1759.399987,1850.426698,1754.982778,FALSE
4,1,Black,Shala,Ruark,Romania,Bucharest,24,174.68,23.57,primary,0,1,1,1,0,0,0,7970.600241,5461.367869,d9l0F6BC31,sZjty6lJGd,724.2242163,1974.222253,1615.085667,1249.127304,TRUE
5,0,Black,Dany,Wachob,Lesotho,Maseru,23,180.71,24.2,phD,1,0,0,0,2,0,0,2670.563973,8501.254851,9bxpspL3ln,nkqtu8yD4R,1858.809572,1309.349381,1760.494478,1767.61774,TRUE
6,0,White,Justin,Renner,Djibouti,Djibouti (city),25,184.95,23.52,high school,2,1,1,0,1,0,0,7233.164184,8528.551537,6vKi4Tdghj,vgHCy7Gp4R,1042.031709,797.9370873,984.3264753,1655.751461,TRUE
7,1,White,Cierra,Roush,Chile,Santiago,24,180.62,27.73,primary,1,1,2,2,0,0,0,1212.690059,7482.93957,AgUPfjTUzV,YYJUIFIaUx,866.9280636,955.7216822,1058.435592,1899.589237,FALSE
8,1,White,Adalyn,Brack,Senegal,Dakar,25,167.86,21.33,bachelor,0,0,2,0,1,0,0,5263.530163,7891.763889,fFUUCgdS4a,5aXKVH3tKZ,923.1306452,1933.097393,1839.309676,869.6519998,TRUE
9,0,Black,Brandon,Tate,Zimbabwe,Harare,23,170.37,22.82,phD,0,2,1,2,2,0,0,7549.141013,3387.329251,SbL3o0kRnQ,kaYOJ9QvQR,1743.068114,789.758201,1835.338243,1248.855078,TRUE
10,1,Black,Aliyah,Cannon-Wright,Poland,Warsaw,24,178.09,23.38,master,0,1,2,2,1,0,0,7577.230119,5282.24526,R81qZw5ZIR,U7gAzmTdaa,1856.864096,1070.247009,1794.71231,1029.913354,TRUE
11,0,American Indian,Benjamin,Cather,Burkina Faso,Ouagadougou,25,176.01,22.22,bachelor,0,2,2,0,1,0,0,969.4440857,5938.235448,SAvc3kWhVB,VBefej7NlK,1232.368184,1081.808276,1813.597598,1586.445071,FALSE
12,1,American Indian,Krystal,Hall,Belize,Belmopan,22,179.7,24.71,high school,1,2,0,1,2,0,0,852.6709529,7999.888356,d9l0F6BC31,0ddflFou73,1116.911969,913.6445799,967.9855728,1397.962808,FALSE
13,0,Asian,Darrel,Asmarzadeh,Japan,Tokyo,25,176.87,25.52,bachelor,1,1,2,0,2,0,0,4531.927344,5904.611761,8v50qcc4mg,BxNIpv58Ik,1027.276287,1467.117735,1707.99295,1135.829523,TRUE
14,0,Asian,Peter,Lee,Sri Lanka,Sri Jayawardenepura Kotte,26,174.32,24.79,high school,0,0,1,2,0,0,0,7607.12572,2065.048677,6NsKDukOcM,UPx6ksfn9w,806.3243678,748.7176966,1617.276816,1602.709338,TRUE
15,1,Hispanic,Adriana,Hernandez,Bangladesh,Dhaka,25,161.85,27.25,bachelor,2,0,0,2,2,0,0,2859.874397,3680.23797,BxExFZbBNv,W7HRwIdVEy,1579.144013,1100.759499,1220.923835,1707.900495,FALSE
16,0,Asian,Patrick,Shin,Turkey,Ankara,24,176.51,23.05,high school,1,0,2,0,0,0,0,4384.38589,6634.799288,cydmZd05W3,L29BpZQ44N,1913.612372,922.148073,1735.229517,1193.411261,TRUE
17,1,Hispanic,Monica,Linthicum,Central African Republic,Bangui,23,179.49,23.81,bachelor,2,2,0,2,0,0,0,6115.827007,7093.826677,r9JRcGvYoh,9nsTYKmvMO,1299.577584,1764.456534,1890.523983,1659.518391,TRUE
18,1,Middle Eastern,Fikriyya,al-Mustafa,South Korea,Seoul,23,167.88,23.7,phD,2,0,0,0,2,0,0,6561.85148,1176.961326,bef3dIzNrA,Ac4KlRfCOQ,1935.556845,873.7631753,1366.685913,1204.750367,FALSE
19,1,White,Nicole,Townley,Montenegro,Podgorica,24,181.78,24.72,phD,2,2,1,1,1,0,0,2343.589157,3657.781884,SnaAdx6kty,9bUQ8TNLUr,1898.451538,1720.305243,1003.380518,1535.254965,FALSE
20,0,Asian,Shamuel,Vang,Guinea-Bissau,Bissau,23,176.95,24.01,bachelor,0,2,0,2,1,0,0,4029.750208,3185.481645,6EpEO8P41R,aluatZN9Vm,768.3345656,1515.971451,703.3847358,764.943689,FALSE
21,0,Asian,Kyle,Park,Kyrgyzstan,Bishkek,26,166.37,26.08,primary,2,1,1,0,0,0,0,4989.141136,1565.979649,NpHW9vu1KQ,4oBTfvb1AF,1821.671733,1113.091786,1540.700063,1793.885395,FALSE
22,1,Asian,Jennifer,Park,Paraguay,Asunción,21,162.09,29.63,bachelor,1,2,1,2,1,0,0,7753.050917,8109.542795,De2t0otpWM,qwfE5FLqhp,928.2463233,1738.675921,707.1831516,1452.343315,TRUE
23,0,Black,Garrett,Howard,Portugal,Lisbon,24,171.79,23.59,bachelor,2,2,1,0,0,0,0,3295.428237,1063.133374,sG5E3CzZD8,Yo1rb0Seb3,1977.810849,1089.366183,1847.751122,959.3642974,FALSE
24,1,White,Lauren,Arnot,Peru,Lima,23,171.22,23.17,phD,2,1,0,1,0,0,0,4957.813009,4276.296865,SdTHtUEM4N,Zy5r4ZO9Oa,1967.59646,1597.954993,1067.726416,1296.689628,TRUE
25,0,American Indian,William,Olguin,Thailand,Bangkok,25,174.45,25.5,phD,0,2,0,1,1,0,0,1365.628941,6552.394566,E12C68YV3w,D4zXICdO3H,1342.907948,1421.89631,1569.379693,977.9711646,FALSE
26,0,Hispanic,Tomas,Tafoya,Italy,Rome,24,181.59,25.06,primary,0,1,0,0,2,0,0,8401.980708,2222.895743,C6pgjGcjcD,rUPnqlNf5O,1325.859015,1582.611028,802.2100507,1963.395868,TRUE
27,0,American Indian,Markangelo,Meyer,Vanuatu,Port Vila,23,167.68,23.03,high school,1,1,1,1,2,0,0,5653.573258,4476.905634,opGrLvlYQX,Zy5r4ZO9Oa,1139.893041,1064.213783,1764.97892,929.158298,TRUE
28,1,Asian,Tina,Karman,India,New Delhi,21,164.42,23.66,primary,1,2,0,2,0,0,0,3895.305347,3404.424704,1nhk0Whug5,IRVCRf4SJ3,1607.07526,1993.623368,770.1024235,1701.819557,FALSE
29,1,American Indian,Samantha,Garcia,Sri Lanka,Sri Jayawardenepura Kotte,24,165.81,24.39,master,2,2,2,2,2,0,0,6506.705626,3065.127592,lqPR9spWNS,yrS87ohIyi,1675.94958,1084.143446,1386.710292,1586.092595,TRUE
30,1,Black,Azahrae,Harris,Portugal,Lisbon,25,179.38,21.76,phD,2,2,1,2,2,0,0,4671.657043,3581.957319,H6qOGgUrHq,qLNtmYmG4t,1922.761848,813.1743516,1012.810393,1869.775926,FALSE
31,1,Asian,Lia,Pham,Bahamas,Nassau,26,170.35,22.75,primary,0,2,2,2,1,0,0,5423.189399,4253.025494,f5REc3znzt,UPx6ksfn9w,904.0792635,883.4140767,908.2580525,1251.488601,TRUE
32,0,White,Justin,Stevens,Uganda,Kampala,24,163.94,27.81,bachelor,0,0,1,1,2,0,0,3078.458467,2291.548705,7L3RoqA5QF,yBa0v632dg,954.550655,1523.110067,1262.654165,1808.852039,FALSE
33,0,Hispanic,Isaac,Hernandez Del Hoyo,Solomon Islands,Honiara,23,177.53,20.77,high school,2,0,1,2,0,0,0,8439.558375,7809.561341,cObe3uQlWz,HHnfHustLr,1414.546777,1525.497413,1299.806096,732.2198287,TRUE
34,0,Asian,Jimmy,Kattula,Finland,Helsinki,26,177,26.34,high school,1,2,1,0,1,0,0,7609.069662,3483.759435,Lryn9YWNmi,qn1F6l34Dv,821.9084271,998.1858019,1899.597118,1427.482338,TRUE
35,0,American Indian,Cody,Sosa,Brunei,Bandar Seri Begawan,22,165.5,28.52,primary,2,2,1,2,0,0,0,2655.443763,3507.377263,FE8TEtZENQ,sJC2d8XcSD,1025.800909,1803.041009,1513.876165,1690.300977,FALSE
36,0,Middle Eastern,Bandar,el-Latif,Lebanon,Beirut,26,171.66,25.61,bachelor,1,0,1,1,0,0,0,2540.886486,3145.783478,AgUPfjTUzV,sG5E3CzZD8,1684.688684,1797.197191,851.1565861,1821.102025,FALSE
37,1,White,Laura,Costra,Mali,Bamako,25,176.17,26.81,bachelor,0,0,0,0,2,0,0,8844.90463,6195.369587,6sakxgY7kU,EX6SYjWBoL,1024.061766,747.8343461,1422.880605,719.3748561,TRUE
38,1,White,Darby,Lavery,Russia,Moscow,24,165.25,21.42,master,1,1,2,2,2,0,0,5894.066596,759.9006619,yCzy8EmSFa,jmIFGI0FgB,1386.222865,1105.536874,1515.407616,1960.152906,FALSE
39,0,Middle Eastern,Muzammil,el-Ullah,Nicaragua,Managua,24,173.96,21.61,bachelor,0,0,0,2,2,0,0,3687.449269,6821.784508,d1b2pySb9L,VLjVgL5N5r,1806.788832,1100.124188,1913.884707,1890.952096,TRUE
40,0,American Indian,Tylor,Arnold,Qatar,Doha,23,177.55,23.39,phD,0,1,1,0,2,0,0,2790.469314,2846.428436,J17pfzf34t,CGOd6Oowld,902.1498397,1245.035462,1187.892552,905.4081208,FALSE
41,1,American Indian,Mercelia,Owens,Bhutan,Thimphu,26,163.97,23.55,primary,1,1,1,0,2,0,0,4840.872346,1851.952504,Y51Vwgnmli,d1b2pySb9L,1387.487495,1079.984335,1288.199052,1498.921856,FALSE
42,1,Middle Eastern,Aadila,el-Elamin,Tajikistan,Dushanbe,25,179.43,23.72,primary,1,1,2,1,1,0,0,8353.61736,3958.427098,U2xNA19JjH,qRmd7YxBiW,1246.061234,1394.435881,1306.412882,1242.224476,TRUE
43,1,American Indian,Autumn,Price,Switzerland,Bern,22,166.33,23.08,primary,0,1,1,2,1,0,0,3403.824287,4905.392991,FsxzrcVJnd,vgHCy7Gp4R,1938.317483,893.8486266,742.0721504,1304.185616,FALSE
44,0,Hispanic,Luis,Manzanares,Poland,Warsaw,24,175.84,26.39,phD,2,1,2,1,2,0,0,4952.250359,3979.06906,WN0TosyJFT,C9E5Vuq6k8,711.0565477,1259.14672,1747.638929,1586.395721,FALSE
45,1,American Indian,Shyanne,Kiefer,Tuvalu,Funafuti,22,166.81,24.93,bachelor,1,2,1,2,2,0,0,2267.508751,7443.351352,Nzbm9nY5jz,CGOd6Oowld,1087.726958,1654.033781,1784.316841,1804.243794,TRUE
46,1,White,Ashley,Morgan,Iran,Tehran,22,167.04,22.67,master,2,2,1,1,2,0,0,1790.247402,934.3653726,2b1JAxkQDJ,wpUGm6Ktfx,1449.52424,722.333683,1325.206772,1623.873173,FALSE
47,1,Hispanic,Audriana,Sarmiento,Burundi,Gitega,24,161.85,23.8,bachelor,2,0,2,0,0,0,0,8804.271971,8305.69908,HCpfKK0Y0z,05OgaQd8F7,1931.930331,1401.71274,852.5186472,1607.635806,TRUE
48,0,Middle Eastern,Hakam,al-Karim,Egypt,Cairo,25,172.98,22.43,primary,1,2,1,2,2,0,0,829.2925571,8977.534309,kNR1Pf0b97,UKllChXeOY,1411.896282,962.3309209,723.9185785,1578.903182,TRUE
49,0,Middle Eastern,Rifaah,el-Riaz,Bolivia,Sucre Le Paz,23,170.39,27.39,high school,1,2,0,1,2,0,0,1455.942529,4605.574611,hyglnakrAC,BRCos59LnF,1933.621574,1356.96517,1905.162871,1044.316649,FALSE
50,1,Asian,Kai,Conti,Burundi,Gitega,24,162.08,20.92,bachelor,0,0,1,1,2,0,0,4640.347642,5458.567489,Lsjn84ta6P,opGrLvlYQX,1552.925392,1810.949644,1570.713751,1564.935679,TRUE
51,0,Black,Naim,Chavers,Kenya,Nairobi,24,175,24.46,primary,2,0,1,1,1,0,0,2634.263216,1240.25194,PeceHVh9yP,ZNXnkvXEzP,976.480624,1091.195085,1239.219104,1708.717724,FALSE
52,0,Hispanic,Austin,Quintana,Lebanon,Beirut,26,166.63,24.54,primary,0,1,2,0,1,0,0,6981.635778,1441.563557,JYOrlvqxga,eYvut0wD2d,1214.667596,1996.559711,1707.512613,1932.255952,FALSE
53,1,Hispanic,Rubi,Vieyra,Hungary,Budapest,22,164,22.27,bachelor,0,2,0,2,0,0,0,982.614221,8696.824537,fFUUCgdS4a,nAx0x7kotb,838.9024934,766.7700284,1729.023577,1272.166841,TRUE
54,1,Asian,Kelsey,Ling,India,New Delhi,25,168.49,23.33,phD,0,1,1,2,0,0,0,7028.95322,3300.58812,kKKiPFPq0K,rUPnqlNf5O,1876.05779,1799.431425,1905.316571,1767.784615,TRUE
55,0,Middle Eastern,Rajaa,al-Farra,Egypt,Cairo,26,176.08,26.1,phD,2,1,2,1,0,0,0,6803.158328,8800.954985,v7mjOXANN8,WnY7RAMwEC,923.8482403,1332.085992,1864.095861,1046.409052,TRUE
56,1,Middle Eastern,Sakeena,al-Darwish,Palau,Ngerulmud,24,167.62,23.79,phD,1,2,0,2,1,0,0,7723.610942,6210.318797,eYvut0wD2d,sKdCUZsrN3,831.1143947,908.1285266,1806.662745,1960.077556,TRUE
57,1,Hispanic,Ciara,Garcia,Belarus,Minsk,23,164.76,27.43,primary,2,2,1,2,2,0,0,7668.439402,4250.440484,kf6oIXQH5K,bYvZyPdYbF,930.8570402,1587.515361,1919.426229,865.2783508,TRUE
58,1,American Indian,Raine,Pinto,Sri Lanka,Sri Jayawardenepura Kotte,26,162.98,21.59,phD,1,0,2,0,0,0,0,2502.263773,8413.24797,REZNxbZSMa,FdZPiua70t,1861.141108,1869.572156,1445.788491,909.3420596,TRUE
59,0,Black,Blake,Wade,Paraguay,Asunción,26,163.67,22.34,master,1,2,2,0,0,0,0,8693.172589,7916.363386,rAEWU9PmnL,UEdC9rsRDT,730.0877123,1630.726114,757.5055582,1536.513702,TRUE
60,1,White,Cassandra,Hoth,Guinea,Conakry,26,164.9,25.47,master,2,1,1,1,1,0,0,4078.893835,2651.321204,U2xNA19JjH,wxkpewLWKe,1048.356507,1593.355297,1768.817635,1873.292057,FALSE
61,0,Black,Jalen,Shelby,Luxembourg,Luxembourg (city),22,177.7,22.08,master,0,2,1,0,2,0,0,5397.289833,2613.25973,SAvc3kWhVB,Qf7xd8iDFD,1288.946139,1866.093425,862.5912187,1625.649111,FALSE
62,1,White,Mckenna,Charbonneau,Solomon Islands,Honiara,24,165.51,26.29,master,0,0,2,1,0,0,0,6380.763274,2195.350862,3i7v8D8XYv,QvOl3nWYEP,1450.324229,802.5707075,1494.698712,864.1888078,FALSE
63,0,Black,Rashawn,Ratcliff,Cyprus,Nicosia,25,163.86,23.94,high school,1,1,1,2,1,0,0,6687.397911,7825.578286,6vKi4Tdghj,PwCG66Ti4H,1565.096129,1139.614439,1468.358196,705.6159951,TRUE
64,0,Hispanic,Kevin,Fernandez,Italy,Rome,23,170.65,24.73,high school,0,1,1,1,1,0,0,5608.487294,2525.246634,SBw4tZC2Ht,mqAFyCAmXh,1765.288745,869.3083722,867.0881138,1968.837251,FALSE
65,1,Black,Dorian,Fisher Jr,Cambodia,Phnom Penh,24,177.35,20.35,primary,0,1,1,1,0,0,0,4405.098233,6415.578104,RcRuWKf4EC,yvVW6uB7ry,1950.721071,1405.218509,1968.41818,1540.074394,TRUE
66,1,Black,Bria,Martin,Zimbabwe,Harare,25,176.5,26.07,high school,0,1,0,1,1,0,0,4758.854862,6381.811533,sfBI6VXgNp,z3E1eEHUWZ,1670.362571,1010.784908,1295.170866,793.6384526,TRUE
67,0,American Indian,Cody,Thomas,Cote d'Ivoire,Yamoussoukro,24,164.55,26.21,phD,0,0,2,1,2,0,0,2602.843259,4698.660647,RIy9lKwE0e,J17pfzf34t,1619.933962,1890.933407,1112.729765,1647.876061,FALSE
68,0,Asian,Eric,Garcia,Indonesia,Jakarta,24,166.97,24.39,primary,0,0,1,0,2,0,0,3868.628123,3172.776466,8yy4FPWFyH,k8UmkSNCVL,1763.098327,1976.611238,1590.378718,1955.174682,FALSE
69,1,American Indian,Sarah,Wilson,Afghanistan,Kabul,23,169.62,23.36,high school,1,2,0,0,1,0,0,7380.956662,1523.925052,qwfE5FLqhp,DH5BhJuS2C,713.9006061,1297.710169,958.6439497,955.8705043,FALSE
70,1,Black,Jessica,Dickerson,Zambia,Lusaka,23,163.98,19.32,high school,0,2,2,1,2,0,0,3575.737742,4406.94804,JOlAdZNs7K,czJUutcY9I,1276.983139,931.7100595,1910.134327,1253.270222,FALSE
71,0,American Indian,Jacob,Rosen,Rwanda,Kigali,27,164.53,24.85,bachelor,1,1,1,0,0,0,0,5181.297974,6169.398468,9ZHcmBtVWv,waGeksxnKW,1334.068839,1786.980473,943.4835545,1804.547297,TRUE
72,0,White,Aaron,Northup,Palau,Ngerulmud,22,167.4,25.35,high school,2,2,0,0,0,0,0,7366.984667,8162.109232,VZhwXPrNQ6,6sakxgY7kU,1432.774598,1241.431267,1181.365128,1292.81653,TRUE
73,0,Black,Noumouke,Gebre-Michael,Azerbaijan,Baku,26,173.7,23.48,master,2,0,1,1,0,0,0,1501.899898,7573.6602,lu3Bg1Buvs,UYl7UzWwKH,1628.526592,1239.839561,836.4071279,1083.539598,TRUE
74,0,Black,Devante,Agbim,Liberia,Monrovia,22,180.48,27.23,primary,0,2,2,0,1,0,0,2027.678563,8295.79595,mAmDvzYpW5,TUtqO6QGz6,764.3272195,951.8299027,1744.107156,1578.390292,TRUE
75,1,Hispanic,Tania,Chavira,Poland,Warsaw,22,180.28,20.83,master,1,2,1,2,1,0,0,2908.819781,8650.303436,dx4xqu623P,rAEWU9PmnL,987.0260223,1084.416499,1267.007238,1352.703895,TRUE
76,0,American Indian,Gabriel,Yellowhair,Zambia,Lusaka,22,168.52,21.13,primary,1,2,2,1,2,0,0,1941.554549,7766.758629,h7mbhdtXFI,C9E5Vuq6k8,1556.824956,1560.207128,1200.912162,1764.561612,TRUE
77,1,American Indian,Barbara,Tran,Moldova,Chisinau,24,182.54,22.74,high school,1,0,2,0,0,0,0,3235.724898,8703.598839,pwLAlqDLVY,HHnfHustLr,877.1243262,1163.966739,1776.047651,1800.282943,TRUE
78,1,Hispanic,Laura,Salgado,Peru,Lima,24,170.84,24.64,master,2,2,1,0,2,0,0,1461.180308,6003.624229,6iq9ymK1Vz,2O4g7RahOm,1200.154243,801.3169711,1498.535133,1377.474123,FALSE
79,1,American Indian,Ashley,Chavez,Sweden,Stockholm,25,174.56,25.84,bachelor,0,1,1,1,2,0,0,1216.674245,5414.949284,VBefej7NlK,qnKDEP1OFa,1407.568713,1165.005512,1152.0023,1675.991104,FALSE
80,0,Black,Eric,Wheeler,Timor-Leste,Dili,24,164.51,30.91,primary,1,2,2,1,2,0,0,3475.516594,3812.932214,dbvlRn2hIZ,B2tNA1RZ3S,1246.372627,1792.776782,1604.072432,877.5372231,FALSE
81,0,American Indian,Trevor,Ortiz,Kazakhstan,Astana,22,169.02,21.85,primary,0,0,2,0,1,0,0,2107.604501,5957.18975,J17pfzf34t,lCYcnbYtWX,966.7987799,1605.105776,1471.517104,1383.551757,FALSE
82,0,White,Travis,Walker,Canada,Ottawa,24,168.54,24.9,phD,1,1,0,0,0,0,0,6358.423373,3443.351344,6iq9ymK1Vz,uhhUny831b,1088.939016,1626.814164,1580.248949,986.4706197,TRUE
83,1,Hispanic,Mayra,Cotto,Georgia,Tbilisi,24,169.63,23.27,phD,1,1,2,1,2,0,0,3417.440507,4274.731685,lx4Nypf18M,BRCos59LnF,721.672433,994.145608,1820.816302,1933.530405,FALSE
84,0,Asian,Aziz,Cullen,Moldova,Chisinau,25,178.3,23.43,phD,0,2,0,2,2,0,0,4760.536377,4859.554483,G9PuwCLR3E,Ml5YEuBrQP,840.0827939,930.4893198,1821.28766,1052.751738,TRUE
85,1,White,Savanna,Korbel,Kosovo,Pristina,22,180.57,24.77,high school,1,0,1,0,1,0,0,5382.152823,923.9853929,gzZcskpFnT,WdtX390Dt8,1131.750215,1988.305902,1521.812687,1866.789519,FALSE
86,0,Middle Eastern,Badruddeen,el-Mustafa,Eritrea,Asmara,24,180.72,26.67,master,0,1,1,0,2,0,0,5112.161206,2648.606005,SbL3o0kRnQ,ihRWhYRjAT,1761.42097,893.9815632,1687.428826,1152.837065,FALSE
87,1,White,Casey,Parker,Nicaragua,Managua,26,169.48,23.81,master,2,0,1,2,1,0,0,7032.0044,4442.793621,28foVO8T3V,9O5bQTJ6rZ,1352.258646,763.2142108,1497.280455,1145.156921,TRUE
88,1,Asian,Kirche,Vannavong,Hungary,Budapest,25,183.92,25.59,master,2,2,2,2,0,0,0,4229.491336,6051.163991,SMtJGK0OhT,ZOjZRdvRG8,1468.033833,1856.386958,1592.846427,1483.972517,TRUE
89,0,White,Jake,Brockway,Lesotho,Maseru,25,177.85,24.04,primary,2,1,2,1,2,0,0,6155.482289,1534.53989,OgiLNk99gN,2isl3UzDe1,1475.991761,1762.600818,1406.031246,700.7899861,FALSE
90,1,White,Alison,Martin,Belize,Belmopan,23,168.09,22.34,phD,2,1,1,0,1,0,0,5401.306882,2564.391729,ij2e2knWw4,YG0U3MBD7S,902.4703619,766.9510089,1973.694856,1521.356431,FALSE
91,1,Middle Eastern,Abeer,el-Allam,Honduras,Tegucigalpa,27,179.39,21.73,high school,1,0,0,0,1,0,0,7843.794014,8818.53197,x5kvTpu3nJ,4SauFubjqN,1041.961772,1919.811387,1932.685728,1665.141245,TRUE
92,1,Hispanic,Jade,Meza-Munoz,Israel,Jerusalem,22,178.77,21.46,high school,0,2,0,1,1,0,0,757.6355566,6674.54339,3yMzWXA46x,wpUGm6Ktfx,1940.408147,1432.231774,1373.666044,1612.733656,FALSE
93,0,Hispanic,Isaac,Tarango Sandoval,Venezuela,Caracas,25,178.94,27.32,high school,2,1,2,2,2,0,0,7210.786459,6984.572225,MDdpOhbuPr,xcttDdvwXG,908.5630318,847.181626,1586.93144,1478.398982,TRUE
94,0,American Indian,Dominique,Lafferty,Bahrain,Manama,24,174.8,22.91,primary,2,0,1,0,2,0,0,2997.334844,8625.114952,AgUPfjTUzV,HHnfHustLr,716.8818596,1852.432068,862.3586278,1906.511976,TRUE
95,0,Middle Eastern,Mustaba,al-Kazmi,Nigeria,Abuja,25,170.63,23.78,master,2,1,2,1,1,0,0,8054.982581,1047.426731,ICkT7kyTBu,VmiNqfrw6s,1037.441452,1977.14827,1131.991372,1529.790043,TRUE
96,0,Middle Eastern,Badr,al-Amara,Lesotho,Maseru,24,176.3,25.42,primary,1,1,2,1,0,0,0,2934.664305,8298.58113,xJjdtKppOJ,XqJVloKDkQ,886.1803516,1682.795835,1781.556487,748.8108836,TRUE
97,0,Asian,Matthew,Matthews,Latvia,Riga,24,163.78,24.48,primary,1,1,0,0,1,0,0,7875.033496,4351.966428,VmiNqfrw6s,hFWrNFS0Uu,1093.52034,768.9038135,1339.353385,1901.467897,TRUE
98,0,Black,Dexter,Sowell-Boyes,Cambodia,Phnom Penh,25,167.58,22.76,high school,2,2,0,2,2,0,0,4674.952393,2179.699016,rjqG8WajTh,bUgMd1b4i3,933.2764734,1078.280074,1104.480459,791.0378674,FALSE
99,1,White,Alexis,Hickey,Turkey,Ankara,23,174.83,24.19,master,2,1,2,1,0,0,0,2998.724256,4939.428679,pvaFZD17yU,Mhrh26IbMe,1365.859554,734.4274673,891.8392706,978.563249,FALSE
100,1,Hispanic,Nicole,Longan,Guatemala,Guatemala City,24,165.62,27.67,high school,1,2,1,1,1,0,0,6654.227189,5399.336356,5aXKVH3tKZ,HNBfESy2HQ,1831.69711,1103.891335,1557.417272,1773.024921,TRUE
101,1,Asian,Riley,Harris,Oman,Muscat,25,167.51,20.49,high school,2,1,2,2,1,0,0,7445.420839,4902.276671,ihRWhYRjAT,Q5FMqQx9Fi,1764.988188,1953.728326,1520.85581,1911.403171,TRUE
102,1,American Indian,Samantha,Richter,Saint Lucia,Castries,25,179.63,24.13,master,2,0,0,1,1,0,0,7540.941798,7816.721248,3PZoU3UzRO,DJtyTBshjK,967.9907054,1099.43791,1086.284797,790.9086077,TRUE
103,0,Hispanic,Brandon,Hernandez,Fiji,Suva,24,168.87,25.59,bachelor,1,2,1,0,0,0,0,8009.409118,5861.411955,zj1WkWmZoS,Mhrh26IbMe,822.9211331,1299.709854,1454.592039,1230.846427,TRUE
104,0,Middle Eastern,Muslih,al-Haidar,Pakistan,Islamabad,24,179.67,19.95,high school,1,1,1,1,1,0,0,5918.487996,742.8585478,PeceHVh9yP,PUokqgU6zA,1019.808797,1229.930067,1160.713421,710.900571,FALSE
105,0,American Indian,Eli,Artichoker,Moldova,Chisinau,23,163.53,20.68,master,2,1,1,0,1,0,0,6622.961422,5758.719678,R2BGBVHZks,qwdskiMno3,846.0606604,1155.54835,1130.259061,1672.239229,TRUE
106,0,Black,Aleksandr,Jackson,Kiribati,Tarawa,25,172.54,25.31,bachelor,1,2,0,0,1,0,0,2136.545102,5890.018529,945fAWwflc,4oBTfvb1AF,1922.357209,1735.32498,860.3308888,1290.91528,FALSE
107,1,Middle Eastern,Najeema,el-Aziz,Bahrain,Manama,24,164.14,20.83,bachelor,1,2,0,0,2,0,0,6025.746767,7454.201459,wZNm785sys,U6FthaI0yQ,1522.910364,1010.123091,843.1128949,1959.552936,TRUE
108,0,Hispanic,Israel,Tapia,Palau,Ngerulmud,25,181.26,22.92,master,2,1,1,0,1,0,0,8002.995279,2222.333005,0UZIbAJD4M,VhUXWCxFgj,1047.121896,1152.158225,811.4311589,715.7648205,TRUE
109,1,Black,Monee,Washington,Uzbekistan,Tashkent,23,176.45,25.06,master,2,2,2,1,1,0,0,7194.983962,4255.804531,H6qOGgUrHq,kaYOJ9QvQR,951.8912695,1039.741227,1221.101039,1932.043042,TRUE
110,0,White,Evan,Mote,Nicaragua,Managua,22,179.32,23.19,phD,1,1,0,0,0,0,0,7556.171961,4225.333497,DjXAObYrD1,8yy4FPWFyH,1013.960036,1973.893437,1832.623018,1534.71483,TRUE
111,1,Middle Eastern,Imtinaan,el-Yousif,Honduras,Tegucigalpa,25,163.39,24.8,high school,2,0,1,2,0,0,0,1675.742112,2887.721109,QwCNHP7LgF,iVVWu0Qs53,1568.177263,740.5986697,1605.903422,1849.176846,FALSE
112,1,Black,Ca'Deejah,Petrie,Honduras,Tegucigalpa,22,176.7,24.42,bachelor,1,0,0,1,1,0,0,3181.378918,3973.409703,22tMMyoEfM,FdZPiua70t,1617.079228,1838.824058,911.4077721,849.0077127,FALSE
113,1,Middle Eastern,Mardiyya,al-Iman,Kosovo,Pristina,22,181.28,25.62,high school,2,2,1,1,2,0,0,1246.947909,7703.988137,DLVjYrjFhr,WpU9KMesgG,1946.399575,1464.079014,862.7124356,973.2143177,FALSE
114,1,White,Kathryn,Holloway,Equatorial Guinea,Malabo/Oyala,25,174.95,24.55,master,2,0,0,2,1,0,0,1863.469724,8553.728164,HHnfHustLr,gQPZYdyLzU,1439.795233,1129.577921,809.7992594,1784.501038,TRUE
115,0,White,Benjamin,Geiger,Barbados,Bridgetown,21,177.91,26.66,master,2,1,1,2,2,0,0,2772.982302,4064.578473,WpU9KMesgG,8BZ6HW9FOh,1069.469508,1709.567478,1609.63728,1258.025972,FALSE
116,0,Middle Eastern,Badri,el-Nasr,Trinidad and Tobago,Port of Spain,25,179.12,21.79,high school,1,1,0,2,1,0,0,8322.934687,5080.463043,DrlFBABKU4,9bUQ8TNLUr,1121.420618,1543.035784,1994.832973,1370.321314,TRUE
117,0,American Indian,Tyler,Arroyo,Timor-Leste,Dili,25,165.08,26.93,master,0,1,0,1,1,0,0,7978.098626,5209.319752,f5REc3znzt,PRqwDpRGcg,790.9478235,1188.620346,1076.172668,1603.273984,TRUE
118,1,Middle Eastern,Fat'hiyaa,el-Kaber,Burkina Faso,Ouagadougou,22,175.28,28.04,master,0,1,0,2,0,0,0,1226.993563,7551.395901,PryEwqZh69,iFNOKPYNoL,1752.442071,726.3961583,1905.734315,1382.724832,FALSE
119,0,Middle Eastern,Kamaaluddeen,al-Saleem,Japan,Tokyo,22,180.06,26.05,bachelor,1,1,2,0,0,0,0,7338.200406,7910.671049,UKllChXeOY,FE8TEtZENQ,1746.861009,1788.628228,1150.086014,1421.021792,TRUE
120,0,Asian,Byunghyun,Maas,Latvia,Riga,24,182.53,21.07,master,2,0,2,1,0,0,0,7868.22394,7062.022181,6xmvFFk9LN,H6qOGgUrHq,1398.847688,1277.349493,1851.882869,1213.612671,TRUE
121,1,White,Abigail,Smith,Taiwan,Taipei,25,163.58,25.75,master,0,1,1,2,1,0,0,3449.966277,7550.908635,6xmvFFk9LN,HIPaoXtiGd,1333.851837,1583.750463,1305.245497,1934.109616,TRUE
122,0,White,Christopher,Moers,Madagascar,Antananarivo,24,167.39,23.95,bachelor,2,0,1,1,2,0,0,2468.796814,2741.558515,B2tNA1RZ3S,MWFmp7ioOi,717.4176052,1199.821105,1612.646289,1944.707221,FALSE
123,1,American Indian,Brittany,Cabral,Seychelles,Victoria,25,169.42,28.73,master,0,1,2,1,0,0,0,1235.288894,2048.675533,80VcxAz41n,iIy8AAKcYH,1197.890269,1653.463809,1903.105316,1836.272804,FALSE
124,0,Asian,Christian,Thajeb,Italy,Rome,24,162.93,23.55,phD,2,0,1,2,1,0,0,8810.951499,1760.352348,UKllChXeOY,d2gVi4ftvg,852.1629053,1975.754521,1972.902705,887.106694,TRUE
125,0,Hispanic,Jorge,Montoya,Monaco,Monaco,25,181.69,25.26,high school,2,2,0,2,2,0,0,1183.160373,2701.037087,bYvZyPdYbF,lCYcnbYtWX,1588.082165,1920.461061,1503.187593,831.6301978,FALSE
126,1,Hispanic,Alma,Delgado,Saint Vincent and the Grenadines,Kingstown,23,179.07,23.06,phD,1,1,1,0,2,0,0,5938.456528,5528.143601,0ddflFou73,zKHgTiJ4pW,1723.971984,1421.32655,1704.471525,1032.996954,TRUE
127,1,Black,Tahani,Stevenson,Tanzania,Dodoma,25,169.8,21.82,phD,1,2,1,1,2,0,0,8794.014059,3338.698858,l0ZGantmZU,waWja49j6s,1119.103066,1359.845874,1562.159671,1400.097265,TRUE
128,0,Black,Devan,Cooley,Thailand,Bangkok,25,168.36,23.33,master,2,0,2,1,2,0,0,1018.448809,5967.96954,gvh4N5IeGk,kWj7m0YOqN,1903.859228,1634.635086,1244.299021,1410.553708,FALSE
129,1,Black,Chinwendu,Bogans,Uzbekistan,Tashkent,22,177.6,24.57,phD,0,0,0,1,0,0,0,8020.899469,7442.965983,ICkT7kyTBu,k8UmkSNCVL,731.6684772,1329.506263,1380.65256,1321.698656,TRUE
130,0,American Indian,Byron,Leyerle,Bulgaria,Sofia,22,166.36,23.63,primary,0,0,0,0,0,0,0,7729.673369,3695.853569,Q5FMqQx9Fi,3i7v8D8XYv,912.9579435,1023.348391,728.844682,1142.602595,TRUE
131,0,Black,Kent,West,Guinea-Bissau,Bissau,26,167.6,24.58,master,0,1,1,0,2,0,0,4937.695374,7549.106109,OcPWnmKb2Q,QvOl3nWYEP,1888.551906,1950.569577,875.4875933,1402.90909,TRUE
132,0,Asian,Phomy,Ramai,Bulgaria,Sofia,26,164.94,24.86,high school,2,0,0,2,1,0,0,4221.522258,8873.579156,UEdC9rsRDT,nYVCJqXqT0,1431.282194,1498.10694,1353.088566,1872.614285,TRUE
133,1,American Indian,Jordan,Gallegos,Argentina,Buenos Aires,24,161.19,25.93,primary,0,2,0,2,2,0,0,7615.995216,5299.109425,5Lc4ztYczI,cObe3uQlWz,785.0974646,1038.798465,1509.899009,1684.21007,TRUE
134,0,Black,Darius,Norwood,Namibia,Windhoek,24,174.91,25.62,master,1,1,1,0,1,0,0,3932.235353,8273.243216,SMtJGK0OhT,80VcxAz41n,1351.537462,948.642119,1685.1682,1357.208675,TRUE
135,1,Hispanic,Angelic,Aguilera,Suriname,Paramaribo,22,173.05,23.19,high school,2,0,0,1,2,0,0,6500.588571,2877.655796,wUBfFh6VNp,wxkpewLWKe,1400.773227,1485.960555,724.8804931,789.9174988,TRUE
136,0,Middle Eastern,Suhaib,al-Younis,Austria,Vienna,24,176.05,25.08,bachelor,0,1,2,1,0,0,0,3982.371304,4065.153765,PzVmEYFfy0,XZbxqqU9ao,810.3334733,1717.500598,1257.608887,1447.973685,FALSE
137,1,Hispanic,Jessica,Herrera Avila,Iceland,Reykjavik,24,165.46,23.58,primary,1,2,0,2,1,0,0,6520.728873,2963.631066,kpY9Ej2mVA,waGeksxnKW,1921.80637,1718.155457,1906.16478,1877.784664,TRUE
138,1,Black,Biruktawit,Williams-Bright,Equatorial Guinea,Malabo/Oyala,22,165.54,28.82,high school,0,1,0,0,2,0,0,5439.029616,3532.165298,d9l0F6BC31,04ZZRj8WgG,1047.61556,1523.429964,958.5706365,1803.931813,FALSE
139,1,Middle Eastern,Mahdeeya,el-Abraham,Nepal,Kathmandu,25,164,20.18,high school,0,0,2,1,2,0,0,6172.813249,4494.584998,4Bqe9VDQTK,pB7iSK3YI7,1180.888513,1905.502464,977.54496,1577.820741,TRUE
140,0,Hispanic,Armando,Moore,Syria,Damascus,24,180.81,21.92,bachelor,2,0,2,1,0,0,0,972.5417597,6552.688403,CjTjWbdLgC,0WMxtric9b,1543.419724,1001.891894,936.0823085,1462.646061,FALSE
141,0,American Indian,Michael,Raiburn,Belize,Belmopan,26,165.73,24.75,high school,2,1,2,2,0,0,0,3674.021447,5943.38219,6luXQ3Ee8W,nwcX3i4A1C,1695.215422,1901.704232,1178.594164,1591.645014,TRUE
142,1,American Indian,Zvi,Terry,Togo,Lomé,22,177.39,27.66,primary,1,1,2,2,1,0,0,7547.153957,1114.323647,6yOngQTfCY,zOwls6nu65,1949.939425,1285.311525,837.3744623,1080.421509,FALSE
143,0,Middle Eastern,Fuaad,el-Adel,Liechtenstein,Vaduz,23,174.81,26.73,primary,0,1,1,1,2,0,0,920.8647288,4081.297158,75K2dZQVeA,RsT0dKtixJ,1096.110292,1627.010941,747.4482763,1914.996671,FALSE
144,0,White,Joshua,Munio,Bolivia,Sucre Le Paz,27,177.92,24.91,bachelor,1,2,1,2,2,0,0,6438.258949,6826.466941,SAvc3kWhVB,ZjNEo4xgDp,1807.905999,1021.019111,1152.887546,1734.169665,TRUE
145,0,Black,Julian,Hart,Mauritania,Nouakchott,22,168.7,21.78,bachelor,2,2,1,2,2,0,0,6461.04725,4064.021785,ExHETGm0i4,AiL6uULzat,1177.917554,1323.079826,1428.508248,1219.569382,TRUE
146,0,Black,Emilio,Franklin,Vietnam,Hanoi,28,173.85,25.98,primary,0,1,2,2,1,0,0,8945.032094,8840.6736,cydmZd05W3,IqPRR9viPf,1984.838104,736.1815574,897.1766963,795.774448,TRUE
147,0,Asian,Christopher,Kleinjans,Nicaragua,Managua,24,169.23,21.57,master,1,1,0,1,0,0,0,8844.905199,1993.464873,h7mbhdtXFI,408mOjKh9h,1294.82534,1036.791078,1614.920472,1476.277675,TRUE
148,0,American Indian,Silvano,Jones,Malaysia,Kuala Lumpur,22,180.33,22.28,primary,1,1,0,0,2,0,0,1741.971675,6352.413534,HCpfKK0Y0z,GMV8zcmbBM,1584.263984,1247.205357,1177.092073,1783.37199,FALSE
149,0,Black,Jason,Yohannes,South Korea,Seoul,22,164.41,23.51,master,2,1,0,1,2,0,0,731.1503597,6822.258656,1nhk0Whug5,Lryn9YWNmi,1906.117717,1957.541155,1570.189708,1097.250216,FALSE
150,1,Hispanic,Karen,Lopez,Belarus,Minsk,22,179.4,27.43,bachelor,1,1,0,0,1,0,0,5354.530608,5854.986737,HNBfESy2HQ,D5bv01CkCW,1138.373922,1815.00283,1992.826208,1901.984909,TRUE
151,0,Middle Eastern,Lutfi,el-Hadi,Slovakia,Bratislava,22,162.94,26.84,master,2,2,1,1,0,0,0,719.7653641,6513.890248,B2tNA1RZ3S,v7mjOXANN8,1285.72021,1260.566529,1306.191531,1089.161335,FALSE
152,1,Hispanic,Blanca,Nunez,Liechtenstein,Vaduz,24,164.26,28.06,master,1,0,0,1,2,0,0,6585.219022,8905.021299,UJyjzFc6o5,SAvc3kWhVB,1453.402614,1692.500034,1572.913125,923.9348699,TRUE
153,1,American Indian,Cheyenne,Luce,Ecuador,Quito,22,177.87,24.84,phD,0,2,0,0,1,0,0,1162.115225,6557.259153,G9PuwCLR3E,Qf7xd8iDFD,1745.368088,1631.295173,811.9528712,1013.27921,FALSE
154,0,Black,Markel,Canty,Belize,Belmopan,26,175.82,26.72,high school,1,1,1,2,0,0,0,1546.813799,8284.196579,R509qk7rWi,RIy9lKwE0e,1757.605245,1856.426423,1518.747049,1614.411021,TRUE
155,1,Black,Elidi,Murphy,Benin,Porto-Novo,23,170.16,19.55,bachelor,2,0,2,0,2,0,0,6271.052349,719.3735286,DLVjYrjFhr,lx4Nypf18M,1786.994448,829.9585128,889.5136889,1980.907391,FALSE
156,0,Middle Eastern,Bassil,el-Odeh,Gambia,Banjul,22,163.24,27.83,primary,0,2,0,1,1,0,0,8122.889506,6089.064741,EHHxlNtTsL,6yOngQTfCY,781.6997028,852.0449086,1207.758223,1760.045763,TRUE
157,0,Middle Eastern,Haatim,el-Shehadeh,Syria,Damascus,23,168.87,24.17,primary,1,0,0,1,1,0,0,4637.360123,8886.865932,tFeeZXE5Vi,R2BGBVHZks,1122.60005,1981.791865,940.8632679,1650.338563,TRUE
158,1,Middle Eastern,Laila,el-Shaban,Suriname,Paramaribo,25,167.89,22.14,high school,2,0,1,0,2,0,0,7106.387158,5057.902336,59qlN5dLzG,rMujkR6nv9,1158.297236,761.0879661,1399.904859,1824.951053,TRUE
159,0,Asian,Calvin,Rose,Honduras,Tegucigalpa,24,182.62,27.94,master,1,1,1,2,1,0,0,4632.87917,3577.534645,rAEWU9PmnL,DMUQcQyrmd,1579.816121,1991.106903,816.6508188,719.3859637,FALSE
160,1,Asian,Sierra,Park,Zambia,Lusaka,22,167.13,23.74,high school,1,2,0,0,1,0,0,6603.936829,1615.668127,kPDKNpQ9Mt,4Bqe9VDQTK,1722.180524,1174.280863,800.0404777,1172.338255,FALSE
161,0,American Indian,Tahma,Weber,Vatican City (Holy See),Vatican City,24,172.67,24.4,phD,1,0,1,1,0,0,0,2650.985846,7710.682532,VhlNkeHEth,QQEesP7UM5,814.9374951,1838.516367,902.855597,1767.953009,TRUE
162,0,White,Brandon,Agarkova,Somalia,Mogadishu,25,165.45,21.91,primary,1,2,0,2,2,0,0,2793.778794,1335.859581,Ac4KlRfCOQ,nAx0x7kotb,1649.639332,1765.465776,758.240748,916.6270654,FALSE
163,1,Asian,Jung,Mcghee,Syria,Damascus,22,167.8,22.99,phD,2,1,2,2,0,0,0,7181.098151,8567.205791,rwxxuJORqB,jsMTrkKL6v,920.8753496,1315.026478,1428.346916,1783.086527,TRUE
164,0,American Indian,Taylor,Whitlock,Malawi,Lilongwe,23,179.13,22.06,bachelor,0,2,1,0,2,0,0,2118.113963,4551.353546,QTXP8ZXSVb,nkqtu8yD4R,1010.273012,1824.117176,787.6066712,817.0199303,FALSE
165,1,White,Christina,Schamp,Cabo Verde,Praia,24,178.79,25.48,phD,1,2,1,0,0,0,0,3983.229958,7278.440679,6EpEO8P41R,VwlO5cLGcM,1011.729688,1808.246809,1954.966313,823.5044685,TRUE
166,1,Black,Meyah,Warren,Qatar,Doha,24,174.04,19.64,master,1,2,1,1,0,0,0,3631.523859,7223.462661,gzZcskpFnT,SBw4tZC2Ht,1882.956303,1210.631014,1068.21054,1824.662329,TRUE
167,1,Asian,Medha,Johnson,Kosovo,Pristina,26,175.94,25.63,phD,0,0,1,1,0,0,0,6320.243411,7663.032904,lu3Bg1Buvs,DH5BhJuS2C,890.5580459,958.9426524,723.6628129,982.2524072,TRUE
168,1,American Indian,Tasina,Tarango Sandoval,Eritrea,Asmara,26,167.95,24.72,master,2,1,0,1,2,0,0,5878.843439,1782.876847,qSg0ki2j4T,N9ZCtcm5Jf,1745.356187,1822.796381,1806.089797,1496.088116,FALSE
169,0,Black,Daryell,Dyas,Ireland,Dublin,25,177.18,22.57,bachelor,1,2,1,0,1,0,0,6307.844793,2709.490212,rUPnqlNf5O,rwxxuJORqB,1295.559019,1972.984507,1795.310781,1723.753129,TRUE
170,0,Asian,Magnus,Nguyen,Chad,N'Djamena,24,168.96,25.93,phD,2,1,1,1,2,0,0,1404.744386,2678.113232,JOlAdZNs7K,DW7RduPAAz,1630.229363,1328.66353,1725.412374,1018.25816,FALSE
171,0,Hispanic,Steven,Fernandez,Morocco,Rabat,27,181.78,22.97,primary,0,2,0,0,1,0,0,8857.226555,7558.227698,iFNOKPYNoL,VLjVgL5N5r,938.0457547,785.667201,1484.637786,1238.05205,TRUE
172,0,Asian,Bruce,Nguyen,Cameroon,Yaounde,24,177.73,23.52,high school,0,1,0,1,2,0,0,3576.037621,3261.674736,2O8zZ9AHH9,Kl6UKhuY7z,1321.336812,1273.004032,1570.996152,1461.612995,FALSE
173,1,Asian,Ava,Xiong,Tanzania,Dodoma,23,166.19,23.6,primary,1,2,2,0,2,0,0,8647.212449,6471.772276,ipVJS7kbvH,nbuSZKeUAX,1617.974887,1342.764796,1544.995216,1004.918466,TRUE
174,0,Black,Tyree,Foster,Italy,Rome,22,169.14,27.69,high school,0,0,1,0,2,0,0,905.4662354,8083.580372,cydmZd05W3,czJUutcY9I,1001.165148,1837.936773,1044.677384,794.2202034,FALSE
175,1,Hispanic,Lydia,Knapp,Kuwait,Kuwait City,23,180.07,25.51,master,2,0,0,0,2,0,0,2794.8733,5558.711791,9XkgJ3VQFW,LlepNggc4T,1044.081447,1331.911566,1357.150169,1470.172031,FALSE
176,0,Black,Robel,Foster,Palestine,Jerusalem (East),24,179.4,24.34,bachelor,0,1,2,2,1,0,0,4365.702357,965.5533417,ZRqXxXzRsO,ZjNEo4xgDp,1197.457637,1671.884331,790.4577685,1483.007851,FALSE
177,0,Middle Eastern,Jafar,al-Basha,Tajikistan,Dushanbe,20,166.66,20.82,primary,0,0,0,2,2,0,0,2697.630403,4160.273362,pvaFZD17yU,VATrBHN9DZ,1498.921002,1722.208436,1277.766896,1221.278445,FALSE
178,0,White,Noah,Smith,Mauritius,Port Louis,25,162.68,23.88,primary,1,0,1,1,0,0,0,8484.954735,6904.901556,l4T1JjwZVI,HNBfESy2HQ,1509.169589,1941.837632,859.6222097,1065.130517,TRUE
179,1,Hispanic,Chantell,Avitia-Lopez,"Congo, Republic of the",Brazzaville,24,166.43,23.12,primary,2,0,0,1,0,0,0,8302.480849,6927.438256,RcRuWKf4EC,pyB1I6rPVh,1291.010737,1817.222214,1333.104404,1668.237696,TRUE
180,1,American Indian,Shamika,Brough,Kosovo,Pristina,22,180.06,25.96,high school,0,2,1,0,0,0,0,5132.073147,5070.648271,EHHxlNtTsL,v7mjOXANN8,1188.026129,1671.721486,1215.897708,1044.579066,TRUE
181,0,White,Jace,Garrick,Malaysia,Kuala Lumpur,25,167.83,20.2,phD,0,2,2,2,2,0,0,849.959287,944.6005006,HNBfESy2HQ,H6qOGgUrHq,1768.803271,1621.223986,1509.347327,1811.926488,FALSE
182,1,American Indian,Winona,Brink,Finland,Helsinki,23,168.44,25.44,bachelor,0,0,0,1,2,0,0,2294.064052,8769.689019,1nhk0Whug5,qnKDEP1OFa,1694.864902,1229.175896,905.3638841,1183.060702,TRUE
183,0,Hispanic,Daniel,Cabrera-Gonzalez,Bulgaria,Sofia,24,178.4,24.2,high school,2,0,0,1,0,0,0,6652.829986,3140.764466,DjXAObYrD1,TP3vhs6ywe,939.0957942,1415.353315,1935.996378,740.6075044,TRUE
184,1,Hispanic,Jacqueline,Rivera,Russia,Moscow,26,169.38,25.01,phD,0,1,1,0,2,0,0,4865.965746,5403.475301,nA50cr2ahK,zKHgTiJ4pW,1486.624304,1038.144713,1146.699178,980.1751946,TRUE
185,1,Middle Eastern,Hishma,al-Salah,Belize,Belmopan,27,168.34,23.42,phD,0,2,0,0,2,0,0,1106.60841,5368.165883,C1DKbfYGIg,LcYDfINzCx,1321.351184,1393.099687,1967.416236,866.0815114,FALSE
186,1,Black,Kierra,Thomas,Iraq,Baghdad,25,181.2,25.5,master,1,0,0,0,2,0,0,4737.200729,807.4032757,UPx6ksfn9w,CYRf9OV3wf,1643.484294,1834.227139,1287.20444,709.1213223,FALSE
187,0,Black,Kanique,Matthews,Burundi,Gitega,24,166.73,26.42,bachelor,1,0,1,0,2,0,0,7916.127427,2193.03386,OcPWnmKb2Q,EHHxlNtTsL,1688.931074,1213.603707,1190.842652,1516.179905,TRUE
188,0,Black,Danial,Bursey,Burkina Faso,Ouagadougou,23,178.3,24.94,bachelor,0,1,2,1,0,0,0,5803.812357,4332.4383,d9l0F6BC31,T9yoobID4O,921.2685504,1578.856295,1600.616072,1206.845776,TRUE
189,0,White,Michael,Harrison,Mali,Bamako,23,167.57,21.86,bachelor,0,2,1,1,1,0,0,8160.931258,2710.668723,sKdCUZsrN3,UEdC9rsRDT,850.2718531,1845.200838,725.5229234,1536.059028,TRUE
190,0,Hispanic,Jorge,Valles,Slovakia,Bratislava,21,171.6,25.83,bachelor,1,1,0,1,1,0,0,1001.755435,5827.211487,kf6oIXQH5K,U9O3qQbbeX,1224.133032,1831.655708,1962.143775,1396.866946,FALSE
191,0,White,Max,Arevalo,Russia,Moscow,23,164.37,22.43,high school,0,1,0,0,2,0,0,7768.023137,6812.635339,PYlg7xV97i,R509qk7rWi,1180.330052,1517.373465,1203.095174,1580.443916,TRUE
192,0,Black,Isaiah,Anding,Luxembourg,Luxembourg (city),23,166.75,20.8,high school,0,1,2,1,2,0,0,5196.024218,3108.251549,hCTpDt5r7u,OzJMhBkpo7,863.5449239,1607.030419,1207.975936,1815.659554,FALSE
193,1,American Indian,Destiny,Valenzuela,Yemen,Sana'a,25,179.12,24.11,master,1,1,1,2,2,0,0,1005.403256,2712.702594,CjTjWbdLgC,DPKinX7VTp,1624.781095,1443.700871,1431.559189,1875.381122,FALSE
194,0,Black,Brandon,Anderson,Indonesia,Jakarta,23,178.18,24.11,master,0,2,0,0,0,0,0,2035.964844,7745.283707,cH0Fvqcf63,PwCG66Ti4H,736.4470784,1978.253816,1395.827022,1008.053775,TRUE
195,0,Hispanic,Mike,Delgado,Denmark,Copenhagen,25,167.4,21.63,phD,1,0,2,2,2,0,0,4151.791141,6536.142492,2b1JAxkQDJ,xJjdtKppOJ,1997.541496,1866.830283,1526.508343,835.7245129,TRUE
196,1,Hispanic,Lady,Salazar,Mauritania,Nouakchott,24,167.95,24.34,master,2,0,2,1,0,0,0,3317.592492,8951.223438,vcHFBJvngn,Awo0CGjF6w,960.1140696,882.2731522,1703.996032,1863.195461,TRUE
197,1,White,Sydney,Robinson,Timor-Leste,Dili,24,165.31,23.77,primary,2,1,1,2,1,0,0,1668.699742,1831.250055,QcbsMbkAvc,9bxpspL3ln,1742.487649,1136.776271,1560.127361,863.2915858,FALSE
198,0,White,Gaige,Christensen,Sao Tome and Principe,São Tomé,26,161.12,28.39,master,0,2,2,1,2,0,0,2820.469039,4511.187861,ucBfPAJDWC,l0ZGantmZU,1992.447678,1392.210405,1507.913729,1064.638544,FALSE
199,1,Middle Eastern,Fareeda,al-Sinai,Libya,Tripoli,25,181.47,24.2,phD,2,0,1,1,1,0,0,7404.519618,8032.75858,rMujkR6nv9,FOyIHcfO4t,910.1795106,1240.25655,1113.242745,1391.148326,TRUE
200,1,White,Dessa,Rachlin,Comoros,Moroni,24,178.11,22.36,bachelor,2,0,1,2,2,0,0,3847.308958,8547.543783,SMtJGK0OhT,VwlO5cLGcM,803.109105,846.520456,1710.996925,1958.213581,TRUE
201,0,White,Patrick,Davis,Switzerland,Bern,25,174.18,22.56,primary,0,2,2,1,0,0,0,2275.902194,4708.314818,UEdC9rsRDT,RsT0dKtixJ,1093.159325,1137.62761,1486.509475,1527.557876,FALSE
202,1,Hispanic,Rachael,Suarez,Paraguay,Asunción,23,178.29,25.52,phD,1,1,1,0,1,0,0,2778.134792,5418.499941,gbDsHogEX1,f5REc3znzt,1394.273629,917.7701761,1605.164482,1256.690963,FALSE
203,1,Black,Ebony,Hill,Liechtenstein,Vaduz,22,168.81,24.93,high school,0,0,0,2,0,0,0,6155.78807,1516.750193,b3zIfABGMA,eYEpMh3VvO,847.9747594,1864.360898,1116.200375,1022.600212,FALSE
204,0,Hispanic,Matthew,Cereceres,El Salvador,San Salvador,25,174.78,25.67,bachelor,1,2,2,0,0,0,0,7004.258623,2496.604634,zOwls6nu65,QcbsMbkAvc,946.0576173,1106.371812,1939.293921,1642.725006,TRUE
205,1,Hispanic,Mariah,Campos Brito,Eswatini,Mbabane/Lobamba,26,167.55,27.33,high school,2,0,1,2,0,0,0,3909.700254,2363.647314,04ZZRj8WgG,UYl7UzWwKH,1271.651039,1733.19086,1290.08472,1872.224672,FALSE
206,1,American Indian,Keisha,Morris,United Kingdom,London,22,167.09,23.15,phD,0,2,2,1,0,0,0,8770.804743,5909.215059,lx4Nypf18M,wZNm785sys,1220.39839,1691.993985,1420.936332,851.1776741,TRUE
207,1,Black,Verity,Gelerter,Slovenia,Ljubljana,24,174.53,23.33,phD,2,1,0,0,2,0,0,7818.801175,3395.402815,MrlGhS7kJI,IiL66LmII1,1397.541527,1629.93168,1522.75593,1204.964712,TRUE
208,0,Black,Juston,Davis,Ethiopia,Addis Ababa,23,171.97,22.32,bachelor,2,1,0,0,1,0,0,6280.549945,7955.938099,Lryn9YWNmi,yrS87ohIyi,1246.523336,842.9462126,1801.828782,827.9440716,TRUE
209,0,Asian,Kuan Heng,Budamgunta,Saint Lucia,Castries,22,177.62,22.93,master,0,2,2,1,0,0,0,5429.026324,2937.478976,qq2HWbY2V5,LlepNggc4T,1354.471554,1363.951861,1907.817035,1912.578686,FALSE
210,0,Asian,Sergei,Herbst,Ukraine,Kyiv (also known as Kiev),24,163.23,22.86,master,1,0,2,2,1,0,0,8458.055063,4979.378137,TP3vhs6ywe,9O5bQTJ6rZ,722.8627405,1028.740058,1776.3013,706.0118273,TRUE
211,0,Black,Jeffrey,Martinez,Timor-Leste,Dili,24,163.45,22.99,high school,2,2,1,0,0,0,0,1279.157047,859.8204104,l4T1JjwZVI,PYKm7FjhsX,934.8927536,1426.11442,1114.76669,703.668458,FALSE
212,1,Asian,Christenia,Leung,Israel,Jerusalem,25,170.89,24.88,master,1,2,2,0,0,0,0,2194.832427,6379.89941,d1b2pySb9L,ihRWhYRjAT,1699.215798,722.9336732,1663.028863,1344.970816,FALSE
213,1,Middle Eastern,Nuha,al-Matin,United Arab Emirates,Abu Dhabi,23,176.92,23.02,primary,2,1,1,0,2,0,0,8341.42689,8550.329215,fFUUCgdS4a,xWTb8myXBO,880.6180108,1686.762953,1913.451076,801.6199309,TRUE
214,0,Black,Tyjon,Stewart-Mcghee,Canada,Ottawa,25,177.2,25.45,master,0,2,1,0,2,0,0,8021.24126,3711.835935,WU8XfAPoaY,l4T1JjwZVI,1615.529118,1700.447256,1190.439487,1346.436109,TRUE
215,0,Middle Eastern,Muslih,el-Samad,Serbia,Belgrade,22,169.13,24.66,primary,0,0,2,1,0,0,0,4464.375466,5298.358272,RsT0dKtixJ,4oBTfvb1AF,874.5105777,1828.548427,1168.893699,1404.122875,TRUE
216,0,White,Jackson,Thompson,Jordan,Amman,23,175.14,28.46,high school,2,1,2,0,2,0,0,5245.68397,2698.346615,fOyIlbNQuz,pvaFZD17yU,1854.895379,1121.53953,1170.665533,769.7760465,FALSE
217,1,Middle Eastern,Raafida,el-Ameen,Eswatini,Mbabane/Lobamba,24,179.31,23.81,bachelor,0,1,2,1,2,0,0,2836.325688,3071.121357,kPDKNpQ9Mt,gqBYgZv1Fc,1995.31888,798.6720737,828.9059776,1292.740337,FALSE
218,0,Black,Kylon,Penn,Solomon Islands,Honiara,22,184.61,27.24,high school,0,1,1,2,0,0,0,4680.129095,7068.656755,vUfGfc5wnB,iO50ZHswAv,1032.414213,1714.501835,806.3045978,847.6595753,TRUE
219,1,American Indian,Cetan,Reynolds,Zimbabwe,Harare,22,162.72,22.01,primary,1,1,0,1,2,0,0,3550.901781,2882.234571,GMV8zcmbBM,wZNm785sys,1417.874171,855.10294,1429.50759,1440.784868,FALSE
220,0,Middle Eastern,Ridwaan,el-Shaikh,Pakistan,Islamabad,23,163,24.24,bachelor,2,0,0,1,0,0,0,4945.280566,2433.599554,7PDkf5uPxe,It98JDxb3Y,1532.108804,1708.126596,975.5151885,1866.935399,FALSE
221,0,Asian,Saad,Nguyen,Czechia,Prague,23,166.28,24.55,master,0,1,0,2,2,0,0,8586.251735,8377.569048,NpHW9vu1KQ,It98JDxb3Y,1159.0179,1633.599645,1824.853983,944.8222485,TRUE
222,0,Middle Eastern,Nizaam,al-Siddiqi,Mongolia,Ulaanbaatar,24,167.92,21.93,master,1,1,1,0,0,0,0,1466.790003,2818.203764,6vKi4Tdghj,wUBfFh6VNp,814.4765115,1193.643877,835.8471932,901.8583168,FALSE
223,0,American Indian,Brandon,Anderson,Zambia,Lusaka,25,177.22,21.93,phD,0,1,1,1,0,0,0,2897.461193,2599.790944,lu3Bg1Buvs,waWja49j6s,780.1245176,1952.461016,1059.328573,1186.962191,FALSE
224,0,American Indian,Cade,Herrera,Serbia,Belgrade,25,171.7,25.08,master,1,2,0,1,2,0,0,7192.412078,2014.602066,JOlAdZNs7K,zOwls6nu65,1280.437599,1094.502579,1050.793302,1565.18787,TRUE
225,0,Asian,Anthony,Pham,North Korea,Pyongyang,23,178.05,21.04,high school,1,0,2,0,2,0,0,5187.587559,3340.898788,UKllChXeOY,VZhwXPrNQ6,774.8693882,1257.544134,725.4076402,1007.683248,FALSE
226,0,White,Daniel,Ackerman,Nepal,Kathmandu,24,175.49,23.9,master,1,0,0,1,2,0,0,6960.860217,2693.080451,yCzy8EmSFa,NcMghJymD8,1856.444014,792.7485856,1709.599932,1227.645836,TRUE
227,1,Asian,Jocelyn,Tagawa,Grenada,Saint George's,23,178.35,26.42,primary,2,0,2,2,2,0,0,3074.756296,3921.134205,3PZoU3UzRO,aC8RuQsXcT,786.1083032,1324.635844,1166.016351,801.5505095,FALSE
228,1,Black,Tyra,White,Finland,Helsinki,22,173.66,26.55,high school,0,2,2,0,2,0,0,2717.827838,7436.164818,nYHWg6DwOp,DJtyTBshjK,729.9972319,839.0705391,1925.670631,1541.269606,TRUE
229,0,Black,Dominick,Gardner,Lesotho,Maseru,26,170.09,24.69,bachelor,0,2,2,1,0,0,0,2595.92601,6934.69321,cTTDNH6dYn,C6pgjGcjcD,1611.899021,723.1259411,932.7195482,1186.652837,TRUE
230,0,White,Isaac,Vargas,Trinidad and Tobago,Port of Spain,26,168.17,26.61,master,1,2,0,2,0,0,0,3155.995708,1591.889371,i91uDEcpie,Qf7xd8iDFD,1790.457354,1602.09484,1919.379452,1020.563998,FALSE
231,1,White,Caelynne,Harrison,Antigua and Barbuda,Saint John's,25,166.93,26.52,bachelor,2,0,1,1,2,0,0,7835.427494,2479.186062,VhUXWCxFgj,qn1F6l34Dv,1780.031891,706.8049587,1596.230935,1553.816308,TRUE
232,1,Black,Kendrer,Smith,Germany,Berlin,26,180.37,23.72,high school,1,2,2,0,1,0,0,2906.735008,5820.542877,wpUGm6Ktfx,waWja49j6s,912.0077722,1590.924546,800.9088206,1067.981257,FALSE
233,1,Hispanic,Rachel,Aguilar,Marshall Islands,Majuro,24,177.73,27.68,phD,2,0,1,1,1,0,0,3422.387538,2360.380022,opGrLvlYQX,Ac4KlRfCOQ,878.5082364,1219.04794,1435.145315,1452.296087,FALSE
234,0,Asian,Humza,Yun,Guyana,Georgetown,26,172.67,23.38,primary,2,2,2,2,1,0,0,6244.83079,8418.398015,SnaAdx6kty,9zDRUj3kfI,1607.95971,1063.232586,915.8791742,1478.871151,TRUE
235,0,Black,Jerome,Abbott,Dominican Republic,Santo Domingo,25,170.65,22.92,phD,2,1,2,0,2,0,0,5796.834692,6471.795258,eMX2yMFlzK,wpUGm6Ktfx,1351.553905,970.5979526,1708.213467,1634.316796,TRUE
236,1,Hispanic,Christina,Mendoza-Lagunas,Bahamas,Nassau,23,174.85,23.14,primary,1,2,0,2,0,0,0,3204.568077,855.7456411,gqBYgZv1Fc,9LrvQpxb9f,1342.000446,1911.795133,772.354845,793.1952864,FALSE
237,0,Middle Eastern,Haamid,al-Nassif,Georgia,Tbilisi,24,170.21,24.56,high school,1,1,2,1,0,0,0,4591.385472,2253.460768,kikaTf0BuC,s5DBFKV11r,1496.034015,891.0126899,1227.857717,1370.753982,FALSE
238,0,American Indian,David,Wilson,Thailand,Bangkok,24,163.34,25.87,phD,1,2,2,0,2,0,0,5917.45509,3114.821726,Egvq11VASQ,l0ZGantmZU,1049.609103,1022.687289,1995.634897,1532.928625,TRUE
239,1,Hispanic,Angele,Melendez,Spain,Madrid,25,179.05,24.81,primary,2,2,2,0,1,0,0,6729.230611,4517.66084,kPDKNpQ9Mt,sJC2d8XcSD,1476.948209,961.189891,921.0493847,1257.458078,TRUE
240,0,Asian,Aditya,Hoover,Bolivia,Sucre Le Paz,22,163.47,24.7,primary,0,1,0,1,1,0,0,1270.232676,4206.722525,PeceHVh9yP,8BZ6HW9FOh,1724.738732,992.2187512,1914.13535,1931.378372,FALSE
241,0,White,Preston,Egan,Australia,Canberra,23,178.71,25.43,high school,2,1,1,1,1,0,0,8279.313896,2488.784819,6vKi4Tdghj,qn1F6l34Dv,1765.61851,1496.534135,860.3288505,1723.445519,TRUE
242,0,Hispanic,Mario,Silva,Norway,Oslo,24,162.15,27.19,bachelor,2,0,0,2,0,0,0,1940.735891,5395.36407,efNwKfavIb,DMUQcQyrmd,896.095088,1907.371463,1425.722776,1390.688764,FALSE
243,0,American Indian,Rocky,Boyd,Kuwait,Kuwait City,23,167.94,27.59,phD,2,2,1,2,2,0,0,2189.111605,1389.257603,VLjVgL5N5r,2O8zZ9AHH9,1615.82036,1439.059117,857.0854634,1151.557842,FALSE
244,1,American Indian,Sapphire,Montoya,Portugal,Lisbon,22,164.64,24.77,high school,2,1,2,2,0,0,0,5780.811617,1483.183847,L29BpZQ44N,nA50cr2ahK,1343.766918,1483.673822,1558.33615,1935.683237,FALSE
245,1,White,Ellen,Clark,Mali,Bamako,24,178.57,24.4,high school,2,1,1,1,1,0,0,6212.935574,3378.106892,AiL6uULzat,VhUXWCxFgj,1604.045987,1328.085943,1393.232174,788.1983965,TRUE
246,0,Black,Basheer,Nunn,Hungary,Budapest,22,177.64,25.72,master,2,1,2,1,0,0,0,795.9665306,7232.763349,PcddzaG2Yb,DH5BhJuS2C,1374.909121,1086.277601,1497.993176,1975.659897,FALSE
247,1,Middle Eastern,Nakheel,el-Ameen,Kuwait,Kuwait City,21,177.86,21.31,bachelor,2,1,0,0,0,0,0,8181.689544,4525.913954,AgUPfjTUzV,7gf5ycoSYc,905.2079367,895.5096344,1393.385049,1370.405666,TRUE
248,0,Hispanic,Matthew,Jones,Peru,Lima,27,176.55,20.16,bachelor,1,0,1,0,1,0,0,1140.783962,5720.435705,De2t0otpWM,WvgyIlZYjl,1362.802261,1763.978548,1304.199073,1369.811031,FALSE
249,0,Black,Dejon,Blair,Palau,Ngerulmud,26,167.07,23.58,primary,0,0,0,1,2,0,0,4146.03311,6229.136273,PeceHVh9yP,kaYOJ9QvQR,1342.992449,1537.632494,785.2160856,1635.603522,TRUE
250,1,Middle Eastern,Nadiyya,al-Hashem,Uganda,Kampala,26,171.02,22.81,bachelor,0,2,0,2,0,0,0,6968.087995,8426.363408,2b1JAxkQDJ,l4T1JjwZVI,1534.792713,770.7399734,1662.86226,1133.092451,TRUE
251,0,Hispanic,Ulises,Archuleta,Lithuania,Vilnius,25,171.33,24.47,phD,0,1,1,1,1,0,0,7487.668457,2639.175702,2isl3UzDe1,d1b2pySb9L,1484.935616,1546.384009,1291.918411,936.4127921,TRUE
252,1,White,Peyton,Goddard,Senegal,Dakar,23,164.68,22.76,phD,1,2,1,1,2,0,0,1641.479397,3414.900347,Lsjn84ta6P,hFWrNFS0Uu,1347.938961,997.9196119,1389.911963,1585.569304,FALSE
253,0,American Indian,Nicholas,Frost,Benin,Porto-Novo,21,166.12,21.99,primary,2,1,2,1,2,0,0,3145.255556,8349.743705,9nsTYKmvMO,k8UmkSNCVL,859.7004305,1086.293148,1952.257665,1435.013501,TRUE
254,0,Hispanic,Thonolan,Rodriguez,Mexico,Mexico City,26,179.93,26.61,master,2,2,1,2,2,0,0,8981.489483,4794.162378,L0KNq4bdvh,vawrfG2T8s,1132.535418,746.0787375,1087.677838,906.7217235,TRUE
255,0,Asian,Paxton,Cao,Brazil,Brasilia,26,166.12,24.46,phD,1,0,2,0,2,0,0,8265.651293,6837.164181,Y51Vwgnmli,SBw4tZC2Ht,1593.938162,1541.778388,873.0157257,1508.626584,TRUE
256,1,Asian,Jessica,Brooks,Latvia,Riga,23,171.68,26.58,primary,1,1,1,0,1,0,0,5495.658609,4647.283762,5IXW2nB5qZ,22tMMyoEfM,1057.744568,1360.02838,1081.640741,993.1056136,TRUE
257,0,White,Joshua,Baden,Senegal,Dakar,23,166.92,21.48,phD,0,0,0,0,0,0,0,2033.954108,5370.690583,EX6SYjWBoL,5IXW2nB5qZ,1700.800874,1413.977028,1111.289562,1782.144879,FALSE
258,0,White,Collin,Mcgovern,Saudi Arabia,Riyadh,23,176.22,23.49,bachelor,2,2,0,2,0,0,0,8817.192235,5417.07311,TwBfm8C4jD,YFjziAHG4L,1022.063183,1715.759372,895.3554084,707.8075824,TRUE
259,0,Asian,Mehal,Tsung,Guinea-Bissau,Bissau,24,177.02,24.9,high school,0,1,0,1,2,0,0,2304.980061,6729.213343,zOwls6nu65,UPx6ksfn9w,1521.977237,1327.282953,1021.34642,972.7087047,TRUE
260,0,White,Randal,Homburger,El Salvador,San Salvador,25,175.86,27.91,master,2,1,2,0,2,0,0,5606.437248,4670.244096,zKHgTiJ4pW,bYzLzPMMhK,961.7020974,1722.20952,907.1653951,1647.482761,TRUE
261,0,White,Jeremy,Chamberlain,Pakistan,Islamabad,24,178.22,25.93,high school,0,2,2,0,0,0,0,754.3437917,2413.322508,ZW9Pmk4m79,HIPaoXtiGd,1753.636791,1621.318135,1638.202429,1075.067127,FALSE
262,0,Asian,Michael,Lai,Ghana,Accra,25,178.82,24.02,master,0,1,1,0,0,0,0,3801.064617,7305.331693,XlzSWrOers,JI3UJm5nhg,1458.812353,1211.74645,1582.586017,1343.662723,TRUE
263,1,Black,Keah,Trimble,"Congo, Democratic Republic of the",Kinshasa,25,168.45,25.96,primary,2,2,2,0,2,0,0,1965.708193,3896.536705,ExHETGm0i4,N9ZCtcm5Jf,1318.890118,1503.222268,700.3053164,1164.368614,FALSE
264,1,White,Kamryn,Cassity,South Sudan,Juba,22,178.24,22.59,primary,2,1,1,1,1,0,0,1459.442786,3348.073772,QpNNjbfpSB,mAmDvzYpW5,1591.148503,1324.790988,1744.283152,1698.879961,FALSE
265,0,White,Veniamin,Trout,Rwanda,Kigali,25,172.47,24.84,phD,2,0,0,1,2,0,0,4708.532908,5640.612053,G0oinuqCrI,DLVjYrjFhr,1135.343709,738.4354015,1592.257171,1386.598007,TRUE
266,0,American Indian,Jerry,Woody,Australia,Canberra,24,164.11,23.04,phD,2,1,0,2,2,0,0,2087.240683,1488.900508,0UZIbAJD4M,2b1JAxkQDJ,1901.786339,995.9909234,1249.497278,1411.211453,FALSE
267,1,Middle Eastern,Hanaan,al-Farha,Montenegro,Podgorica,21,180.53,21.83,phD,2,0,1,0,1,0,0,5648.57517,4300.900638,sEfQsvgAtH,U6FthaI0yQ,840.9711922,1509.197596,1893.848657,1619.932423,TRUE
268,0,Hispanic,Cruz,Martinez,Canada,Ottawa,24,175.73,17.89,bachelor,0,0,0,2,2,0,0,8142.844322,4456.004744,kpY9Ej2mVA,iO50ZHswAv,1999.47305,1531.032106,1363.542803,1985.757954,TRUE
269,0,Black,Joseph,Robinson,Eswatini,Mbabane/Lobamba,24,177.48,24.11,master,0,2,0,0,1,0,0,3760.747027,5480.697255,Vdrlu0JBq2,LlepNggc4T,979.222513,826.0270305,1424.156016,1823.946086,TRUE
270,1,Asian,Amber,Her,Ukraine,Kyiv (also known as Kiev),25,181,28.29,primary,1,2,0,2,1,0,0,1593.065332,3599.870212,bM13ggLMRq,yvVW6uB7ry,724.676692,766.6797095,1521.298635,1964.890778,FALSE
271,1,Hispanic,Christina,Velazquez Ramirez,South Korea,Seoul,23,171.89,25.28,bachelor,0,1,0,0,0,0,0,3382.644799,7918.27187,brQzNbr4Nc,U9O3qQbbeX,754.8812655,1584.312798,1821.948711,807.0656627,TRUE
272,0,Asian,Ethan,Arvelo,Pakistan,Islamabad,24,173.57,23.27,bachelor,1,2,1,1,0,0,0,8095.138351,3579.911315,Wd7dsMDcrG,gDICDbKOZT,1045.878224,1290.017583,1018.090746,1343.246317,TRUE
273,0,American Indian,Avery,Leamons,Latvia,Riga,24,177.2,25.94,master,2,1,1,1,0,0,0,8445.395542,5714.603438,lqPR9spWNS,waGeksxnKW,1301.095214,1620.576113,998.299333,1647.920486,TRUE
274,1,White,Hannah,Hillhouse,Belgium,Brussels,26,179.27,21.1,master,1,2,2,0,1,0,0,1996.390432,4293.092076,d9l0F6BC31,srDUePodOy,1546.470262,1706.219156,1775.525253,1762.686652,FALSE
275,0,White,Jakob,Ford,Qatar,Doha,26,164.5,27.45,primary,0,2,2,0,0,0,0,1673.463301,6998.376275,I8wPF5x6Ed,kpY9Ej2mVA,1382.082245,1482.475893,1290.086106,1567.400158,FALSE
276,1,Black,Shavaya,Glaspy,Norway,Oslo,27,168.41,21.49,primary,0,0,2,0,1,0,0,3358.014114,1220.670627,qLNtmYmG4t,75K2dZQVeA,880.6718094,1244.673702,1567.172521,1502.905944,FALSE
277,1,American Indian,Angel,Bancroft,Russia,Moscow,24,181.45,24.56,primary,0,2,0,2,0,0,0,1209.559619,2737.2649,pvaFZD17yU,9ZHcmBtVWv,1769.32803,1219.226452,1570.495207,1794.901895,FALSE
278,1,Middle Eastern,Naseefa,al-Mir,India,New Delhi,24,177.63,25.2,bachelor,1,2,0,0,0,0,0,5176.62423,5443.998294,hFWrNFS0Uu,28foVO8T3V,1647.272822,1757.465551,785.6528134,817.3429927,TRUE
279,1,White,Karissa,Fost,Ecuador,Quito,24,166.85,23.89,master,1,2,1,1,0,0,0,3605.187815,6140.022682,lx4Nypf18M,rMujkR6nv9,1393.333902,779.3415575,1110.316609,1487.323169,TRUE
280,0,American Indian,Montana,Gurule,Turkmenistan,Ashgabat,25,174.47,24.35,bachelor,1,0,2,1,0,0,0,5715.200986,8908.360824,TUtqO6QGz6,qq2HWbY2V5,1154.517982,911.5616917,1101.058571,1356.703278,TRUE
281,0,Asian,Donald,Putsche,Guinea-Bissau,Bissau,21,165.32,23.52,high school,1,1,0,0,0,0,0,7098.787051,6337.866226,4Bqe9VDQTK,POr9KxpHK5,815.263678,1078.000601,1469.537701,1801.637568,TRUE
282,1,Black,Haylee,Martin,Namibia,Windhoek,25,173.66,27.07,primary,2,1,0,0,1,0,0,6622.674931,7356.03973,VBefej7NlK,rwLHEWONqD,1326.388667,1640.85453,1883.612774,899.9307145,TRUE
283,1,American Indian,Tisha,Castle,Antigua and Barbuda,Saint John's,25,171.39,25.38,master,2,1,0,2,0,0,0,5358.470205,7743.942047,QrYj6AVibj,sEfQsvgAtH,973.7202398,1034.549018,1703.42291,793.6695259,TRUE
284,1,Middle Eastern,Sahla,el-Sinai,Albania,Tirana,23,174.59,24.32,bachelor,0,1,0,2,1,0,0,5612.988949,3984.208847,czJUutcY9I,jsxP5JmRbO,1032.111304,1325.429366,1824.374707,1839.180458,TRUE
285,0,American Indian,Phillip,Hildebrand,Vanuatu,Port Vila,23,177.23,23.41,master,0,2,1,0,2,0,0,8092.806008,6710.947233,lNcSVdUiMw,Zy5r4ZO9Oa,1517.081116,1857.29,1178.283956,891.3206343,TRUE
286,0,American Indian,Elijah,Lewis,Saint Lucia,Castries,26,174.46,21.72,high school,0,1,1,1,2,0,0,4863.608905,2286.552925,wA3oBcSn4v,kf6oIXQH5K,890.9830095,1452.712728,1771.23084,1037.69135,FALSE
287,1,Hispanic,Lady,Fuentes,Micronesia,Palikir,25,182.5,20.18,high school,2,2,2,0,0,0,0,1284.738168,5909.128369,VBefej7NlK,d2gVi4ftvg,1239.883993,1550.08987,1128.995409,964.1891601,FALSE
288,1,White,Mary,Kooker,"Congo, Democratic Republic of the",Kinshasa,22,165.84,24.01,phD,1,1,1,2,1,0,0,4637.15572,6254.627714,VzJ2n4dUan,PwCG66Ti4H,1290.793418,1221.476078,1954.577679,1449.388842,TRUE
289,0,Middle Eastern,Naazil,al-Mannan,South Korea,Seoul,23,179.41,24.51,phD,0,2,2,0,2,0,0,4874.763167,5885.633373,CGOd6Oowld,2Rf1mFOFjR,1975.025398,1792.592251,1357.954779,1322.84376,TRUE
290,0,Middle Eastern,Kamaaluddeen,al-Mattar,Namibia,Windhoek,24,173.99,24.26,master,1,0,1,2,2,0,0,7180.264603,2639.416201,hzLhzkmnux,0q37Z4UgW2,1789.924873,961.612656,1503.836686,1769.393876,TRUE
291,1,American Indian,Delphine,Lightfoot,Senegal,Dakar,24,176.81,26.41,master,2,0,0,0,1,0,0,5339.780296,1677.978543,BxNIpv58Ik,sfBI6VXgNp,1981.752672,719.4055537,1787.365551,1837.464149,FALSE
292,1,American Indian,Brittany,Herndon,Micronesia,Palikir,24,164.88,21.9,bachelor,0,1,1,1,2,0,0,3061.205761,6820.224729,IiL66LmII1,8v50qcc4mg,1655.142731,934.4811558,1029.528912,1087.046184,TRUE
293,0,American Indian,Colen,Mullins,North Korea,Pyongyang,26,166.91,24.96,bachelor,2,0,1,2,0,0,0,7488.071768,8138.30542,s4JH1l2kxu,kpY9Ej2mVA,1670.745117,1633.45297,1940.572456,1553.402417,TRUE
294,0,White,Joshua,Burns,Comoros,Moroni,26,178.59,25.41,primary,2,2,2,2,1,0,0,7696.190589,7744.4169,Wd7dsMDcrG,tRIzADvA4T,1284.53393,1009.693422,859.8135537,1088.049072,TRUE
295,1,White,Tonya,Bell-Olson,Venezuela,Caracas,23,169.02,25.36,phD,1,0,1,2,0,0,0,5689.565607,4975.54757,VBefej7NlK,9LrvQpxb9f,1611.919453,1704.421124,1482.032752,1047.774586,TRUE
296,0,Asian,Stefan,Baek,Equatorial Guinea,Malabo/Oyala,22,168.32,24.53,high school,1,2,2,1,1,0,0,7294.862997,5153.800704,408mOjKh9h,Kl6UKhuY7z,1447.04807,1443.58546,1022.094141,1494.894575,TRUE
297,1,American Indian,Talea,Sullivan,Liechtenstein,Vaduz,25,167.61,23.68,high school,0,0,0,0,2,0,0,3953.871995,5546.785811,yd29eEV4mC,iB6LuylOKe,1351.329154,1384.941253,1063.929131,1440.393524,TRUE
298,1,Black,Makaylah,Allen,Bhutan,Thimphu,23,167.25,25.01,high school,0,0,2,1,2,0,0,3901.027671,8579.875363,LcYDfINzCx,PYKm7FjhsX,1765.715065,1615.580325,1169.270427,1642.270679,TRUE
299,1,Asian,Ginger,Fermin,Uzbekistan,Tashkent,27,175.97,23.75,primary,1,2,2,2,1,0,0,3004.875854,8891.064368,efNwKfavIb,PlOnOlhqHV,1240.571917,1079.033185,895.5743698,1320.319101,TRUE
300,0,Asian,Andrew,Khom,Namibia,Windhoek,27,161.74,25.3,high school,0,0,1,0,2,0,0,5958.882176,8348.664115,JJYCjcTjnR,DJtyTBshjK,1772.703692,1593.381443,1202.231604,1829.611972,TRUE
301,1,Black,Alyssa,Mckoy,Zambia,Lusaka,23,183.33,23.05,primary,0,1,0,2,0,0,0,6633.215836,4043.983817,SuY86sf7uM,rLpHe0ey7P,1436.591271,1764.336411,1139.250116,1800.406492,TRUE
302,0,Hispanic,Michael,Rodriguez,Pakistan,Islamabad,24,178.26,24.98,phD,1,1,2,2,1,0,0,3594.812409,8130.120026,24WCquNtKL,U6FthaI0yQ,766.6166433,706.7248615,1170.010192,1298.433369,TRUE
303,0,American Indian,Austin,Lopez,Bolivia,Sucre Le Paz,22,161.47,24.54,phD,1,1,2,0,0,0,0,7463.751459,2804.771713,XDMskNgNTG,Egvq11VASQ,951.5156768,1020.44786,1057.776306,1650.395534,TRUE
304,1,Hispanic,Marina,Aguirre,Vanuatu,Port Vila,24,166.85,27.86,high school,0,0,1,1,0,0,0,6188.411949,8275.056783,BRCos59LnF,U6FthaI0yQ,770.9093322,952.0287331,1298.492808,1650.269087,TRUE
305,0,American Indian,Alonzo,Samoy,Zambia,Lusaka,27,180.06,22.61,master,2,0,1,1,0,0,0,3823.370118,4509.78807,USPgqgSt8w,s2jXta29OY,1712.005306,1825.622282,1422.374199,965.6749891,FALSE
306,0,Middle Eastern,Sahl,al-Bacho,Cambodia,Phnom Penh,26,162.64,20.79,master,1,2,0,1,1,0,0,7470.786665,7265.803,kNR1Pf0b97,zPXnJ1UXmZ,988.6993703,990.306275,1463.592276,1984.109569,TRUE
307,1,American Indian,Spring,Wall,Costa Rica,San Jose,23,172.82,20.11,bachelor,1,0,2,1,2,0,0,804.7993809,2096.953284,9GCUpxWR6D,NZD3xy94xS,734.7025776,1884.48288,779.1414705,1313.473065,FALSE
308,0,Asian,Samuel,Apineru,Eritrea,Asmara,22,178.27,27.22,high school,0,0,2,2,2,0,0,8923.822025,7297.748224,bM13ggLMRq,NpHW9vu1KQ,1512.277544,1408.914596,1532.843994,1201.144719,TRUE
309,1,White,Sarah,Reeves,Azerbaijan,Baku,24,165.5,22.42,primary,0,0,0,0,2,0,0,6068.449418,5944.747097,B9OvBT0v4y,5IXW2nB5qZ,1590.02824,1486.004567,802.1975294,1083.799945,TRUE
310,1,Middle Eastern,Rafeeqa,al-Mady,Fiji,Suva,27,181.07,23.65,master,2,2,2,0,2,0,0,1291.68681,8532.786392,3yMzWXA46x,R509qk7rWi,861.429861,933.2634805,1724.785233,1319.190831,TRUE
311,0,Asian,Bach,Vu,Egypt,Cairo,24,171.39,22.48,high school,1,0,1,0,1,0,0,4861.703077,6102.326088,DjXAObYrD1,hFWrNFS0Uu,890.9747169,868.293227,1251.544155,1963.183346,TRUE
312,1,Middle Eastern,Saamiqa,el-Yacoub,Australia,Canberra,25,178.84,23.7,primary,2,0,2,1,0,0,0,1735.321749,7922.996329,9GCUpxWR6D,BRCos59LnF,1525.148158,1058.764161,1078.28675,1894.612387,TRUE
313,1,Middle Eastern,Umaima,el-Abid,Yemen,Sana'a,26,168.16,21.91,bachelor,1,1,1,1,2,0,0,5851.108278,6925.678374,x5kvTpu3nJ,c3vjr3t1j9,1553.83694,1196.450018,1231.435213,1410.229074,TRUE
314,0,Hispanic,Nathan,Caballero Ortiz,Niger,Niamey,24,165.55,26.39,primary,0,0,2,0,0,0,0,1965.000884,3258.974681,qApMuAvJWo,BxNIpv58Ik,1246.63429,1797.927479,795.3039674,858.9039275,FALSE
315,0,Middle Eastern,Taaha,el-Hammad,Bangladesh,Dhaka,23,162.11,18.08,master,1,1,2,0,0,0,0,2442.256819,3089.456339,93Uu5qS76g,updQc4EqVy,1126.006706,1554.280774,931.3099635,1530.516641,FALSE
316,0,Black,Darian,Davis,Liechtenstein,Vaduz,23,173.4,25.25,phD,1,2,2,1,0,0,0,8424.325219,6716.796991,ZNXnkvXEzP,i91uDEcpie,1409.783533,1579.923826,817.4014251,1129.973301,TRUE
317,0,Asian,Shawn,Xiong,Yemen,Sana'a,25,180.42,23.41,bachelor,0,2,2,0,0,0,0,6521.133058,6985.950494,HHnfHustLr,LcYDfINzCx,766.3170838,929.3869903,1768.034663,1924.252638,TRUE
318,0,Hispanic,Nicholas,Garcia,Vanuatu,Port Vila,22,163.41,23.48,master,2,0,2,0,2,0,0,7540.521366,4340.220486,BxNIpv58Ik,IiL66LmII1,1954.775019,1833.042315,842.5554104,1411.933741,TRUE
319,1,Black,Janee,Stafford,Norway,Oslo,28,165.09,24.91,master,2,1,0,0,0,0,0,8562.531808,6731.185054,Z2c8E9mgKH,LmlR1MhiXV,975.3053946,1562.345964,1964.00438,1933.08951,TRUE
320,0,Middle Eastern,Daamir,el-Rad,Monaco,Monaco,22,179.73,24.79,phD,1,1,2,2,2,0,0,5934.007807,8368.097011,Qf7xd8iDFD,dAGCYNOFFT,1863.856344,1060.211425,1448.843117,809.4598182,TRUE
321,1,American Indian,Toni,Black,Guinea,Conakry,25,164.24,19.56,phD,1,0,1,0,0,0,0,7266.686331,5883.443833,IkCTlnwnMB,24WCquNtKL,1148.500915,1347.876876,1741.558161,823.7405386,TRUE
322,1,Middle Eastern,Fidda,al-Ramin,Vatican City (Holy See),Vatican City,24,170.07,22.79,bachelor,2,1,0,1,1,0,0,5182.098342,5025.600757,XDMskNgNTG,kKKiPFPq0K,1239.929312,1722.890294,1482.5002,1054.212323,TRUE
323,0,Black,John,Franklin,Egypt,Cairo,26,176.03,21.48,high school,0,1,2,1,0,0,0,4878.592297,2425.190226,gcHzU9N6P4,tiYT5XvOoX,1239.43038,1572.493423,975.2091839,1955.679185,FALSE
324,0,Hispanic,Santiago,Guzman,Ethiopia,Addis Ababa,25,181.26,22.75,bachelor,2,0,1,1,0,0,0,4760.324452,4073.652832,zPXnJ1UXmZ,5Lc4ztYczI,1297.486108,1996.181441,1110.559216,743.6259194,FALSE
325,1,Hispanic,Nadia,Acosta,Cuba,Havana,27,182.05,25.02,high school,0,0,1,1,0,0,0,2760.027525,1830.350533,gwU3FKvLsq,r9JRcGvYoh,719.7310818,1612.166833,1135.082624,1792.839928,FALSE
326,0,Hispanic,Eduardo,Haro,Mexico,Mexico City,25,162.65,27.94,bachelor,1,0,0,2,0,0,0,4062.285219,714.8752997,C9E5Vuq6k8,xJjdtKppOJ,1100.862187,1543.707673,980.9294048,1823.101167,FALSE
327,1,American Indian,Casady,Archuleta,Chad,N'Djamena,25,169.39,23.12,master,1,1,0,2,0,0,0,6188.0703,4287.686646,YAbk7gbAr0,yCzy8EmSFa,710.1069768,1981.447388,1197.657006,1063.079935,TRUE
328,0,Black,Anthony,Taylor,Botswana,Gaborone,28,177.07,22.05,bachelor,1,0,0,2,2,0,0,3519.73908,8276.880883,gQPZYdyLzU,vPTi0zmRTG,1939.129039,1187.135687,1292.492093,1410.814803,TRUE
329,1,Asian,Jordyn,Medina,Malaysia,Kuala Lumpur,24,161.04,22.35,phD,0,0,0,1,1,0,0,3370.073154,3759.131122,4Ydcb5nl3n,FlYTb2Z0sG,1647.805011,1872.485552,719.9141461,843.4501526,FALSE
330,1,Black,Autumn,Wells,Myanmar,Naypyidaw,23,179.53,21.15,high school,2,0,1,1,1,0,0,1739.739658,8371.705314,aF7llxHMvF,Nzbm9nY5jz,1381.626398,1613.225156,1253.854477,981.3446446,TRUE
331,1,American Indian,Arianna,Griego,Gabon,Libreville,25,165.98,24.6,phD,2,0,0,0,0,0,0,4722.9203,7148.470557,xzyG1UtmuQ,1Zkx9rgPIA,1301.126798,964.5298764,1785.673956,1567.507467,TRUE
332,1,American Indian,Alexis,Barksdale,"Congo, Republic of the",Brazzaville,23,177.81,23.42,master,2,0,0,2,0,0,0,7912.55906,2424.489636,6NsKDukOcM,vf6BBk8ErN,1700.94867,1147.453967,1726.463412,1489.806637,TRUE
333,0,Middle Eastern,Saabir,al-Reza,Panama,Panama City,24,169.69,24.62,high school,0,2,2,2,1,0,0,8979.964198,4574.852679,I8wPF5x6Ed,wpUGm6Ktfx,1189.094594,1858.80726,1748.349713,1249.321908,TRUE
334,0,Middle Eastern,Jaarallah,al-Sharif,Tunisia,Tunis,27,169.74,23.98,primary,0,0,1,1,2,0,0,905.6539144,5790.392679,wxkpewLWKe,pB7iSK3YI7,1748.513561,1822.30467,935.5311303,964.3867318,FALSE
335,0,Asian,Vansh,Mead,Timor-Leste,Dili,24,170.72,23.88,phD,0,1,1,0,0,0,0,8826.306528,4635.826531,DiUAI4IfMN,Phz2l1W707,1544.546189,789.8667545,1140.964712,1705.109583,TRUE
336,0,Middle Eastern,Abood,el-Hassen,Palestine,Jerusalem (East),24,172.36,23.05,bachelor,0,1,1,0,1,0,0,2088.336795,6778.729063,TwBfm8C4jD,s5DBFKV11r,1752.80285,1334.308816,1111.156468,870.7645967,FALSE
337,1,White,Elizabeth,Wetzel,Chile,Santiago,22,171.5,24.92,phD,1,2,2,0,0,0,0,5278.813845,8492.515964,2glj5CNYGZ,nYHWg6DwOp,1059.470433,1481.61626,894.7043358,1412.106365,TRUE
338,1,Hispanic,Justina,Jimenez Villa,Central African Republic,Bangui,27,180.76,26.57,phD,0,2,1,2,0,0,0,8754.741701,7035.394143,UKllChXeOY,vgHCy7Gp4R,1319.894719,1493.245358,1210.48976,1349.222293,TRUE
339,0,Middle Eastern,Siddeeqi,al-Jaffer,Fiji,Suva,23,179.13,23.37,phD,1,2,0,0,1,0,0,6189.427173,6350.932562,U6FthaI0yQ,RIOghI6FOP,983.76504,1864.582916,713.786095,1140.558485,TRUE
340,0,Asian,I'Kaika,Wang,Iceland,Reykjavik,26,163.85,23.16,high school,1,1,1,1,1,0,0,6756.021331,7707.190953,PUokqgU6zA,22tMMyoEfM,1908.837231,774.0802444,1588.593859,1929.187904,TRUE
341,1,White,Kellee,Quinn,Zimbabwe,Harare,20,165.59,22.58,master,2,1,1,2,2,0,0,5026.845814,6846.908522,qnKDEP1OFa,PzVmEYFfy0,1674.801508,1230.767284,1120.76428,1281.773559,TRUE
342,1,Black,Indya,Pough,Turkmenistan,Ashgabat,25,181.87,22.56,primary,2,2,1,1,1,0,0,7470.510408,5265.447489,SIwqYkkrNu,czJUutcY9I,803.1640245,1137.524896,1424.846486,1770.647287,TRUE
343,0,American Indian,Adam,Brauher,Tunisia,Tunis,23,174.33,21.78,primary,0,1,2,2,2,0,0,7420.271898,5694.517321,nAx0x7kotb,lCYcnbYtWX,923.6971585,961.3840037,1344.853461,740.6471491,TRUE
344,0,Black,Carlos,Kinloch,Tuvalu,Funafuti,23,167.79,20.7,bachelor,0,0,2,1,2,0,0,2927.133758,5275.657998,qGhsMrtY1S,Awo0CGjF6w,1098.632147,1483.356635,1301.724494,1824.650864,FALSE
345,1,White,Myranda,Hedemark,Hungary,Budapest,25,168.66,22.75,phD,0,0,2,0,2,0,0,7951.533173,2666.719535,VwlO5cLGcM,kikaTf0BuC,1872.829117,1447.059863,1219.398303,899.0346032,TRUE
346,0,Middle Eastern,Kaleem,el-Ben,North Korea,Pyongyang,25,171.87,26.94,primary,2,0,0,1,2,0,0,6395.359901,8119.033001,kPDKNpQ9Mt,wA3oBcSn4v,1576.910919,1192.136555,1360.319078,1336.007382,TRUE
347,0,American Indian,Jordan,Turner,Estonia,Tallinn,22,179.35,22.29,high school,2,2,2,1,2,0,0,3920.833842,5247.953549,BxExFZbBNv,v7mjOXANN8,752.3859384,1859.308432,1589.484823,1756.255586,TRUE
348,1,Hispanic,Paulina,Sandoval,Ghana,Accra,26,179.51,24.76,bachelor,2,1,0,2,0,0,0,1682.821702,5184.947913,d2gVi4ftvg,xWTb8myXBO,1355.577722,1106.792704,1648.641658,1406.335055,FALSE
349,1,Hispanic,Joanna,Martinez,Israel,Jerusalem,25,184.67,26.69,bachelor,0,2,1,0,1,0,0,4781.757622,6158.820565,9zDRUj3kfI,qEuAojliGU,1736.574121,1468.644126,730.4445801,1233.902107,TRUE
350,0,American Indian,Cody,Ruiz,Serbia,Belgrade,23,169.1,22.45,bachelor,2,1,2,1,0,0,0,1117.546438,8978.320092,0q37Z4UgW2,ecGhP76InJ,1313.919916,1867.740169,1869.374126,1947.122379,TRUE
351,1,Asian,Ramya,Nguyen,United Kingdom,London,25,171.19,24.37,bachelor,2,0,1,1,1,0,0,4679.513525,3052.777983,jZCWLfIDae,SMtJGK0OhT,1517.901894,1054.42403,1456.999641,1456.212663,FALSE
352,0,American Indian,Nathaniel,Boon,Comoros,Moroni,23,166.27,23.98,high school,2,1,0,2,2,0,0,7724.076431,5059.954078,eYvut0wD2d,bUgMd1b4i3,1281.282771,1361.053123,1000.904926,939.1122076,TRUE
353,1,Hispanic,Dianne,Madera,Bosnia and Herzegovina,Sarajevo,24,180.02,24.46,phD,2,0,1,1,2,0,0,8751.444832,2456.088618,D4zXICdO3H,0UZIbAJD4M,1027.658859,1170.594437,1862.182196,1490.802328,TRUE
354,0,Hispanic,Jose,Vargas,Burkina Faso,Ouagadougou,23,166.63,22.81,master,0,1,1,0,1,0,0,1764.045119,8167.059027,1nhk0Whug5,CvV1NmcrSe,1479.349716,1542.95679,1698.841136,912.9525612,TRUE
355,1,Hispanic,Anessia,Silva,United States of America,"Washington, D.C.",25,165.75,21.41,bachelor,0,1,2,2,0,0,0,6738.776244,3042.491982,qq2HWbY2V5,UKBOIXXXE0,1785.143258,1163.225465,1842.5783,723.3628147,TRUE
356,0,Asian,Heroki,Meneses,Equatorial Guinea,Malabo/Oyala,24,171.72,25.26,phD,0,1,0,2,0,0,0,5726.142629,737.5576584,c3vjr3t1j9,IkCTlnwnMB,1721.23988,1778.367269,1008.688816,1123.255771,FALSE
357,1,Black,Daija,Lewis,South Sudan,Juba,22,173.27,22.83,primary,2,2,0,0,1,0,0,2190.660076,1378.663073,lCYcnbYtWX,nsTJwbldUd,1589.391762,1362.121652,1759.712718,761.5912461,FALSE
358,1,American Indian,Charleen,Hamilton,North Korea,Pyongyang,24,167.8,28.29,phD,2,1,1,1,0,0,0,8401.488238,6985.302848,Q5FMqQx9Fi,CjTjWbdLgC,916.8677554,1854.743051,1405.413874,1125.653798,TRUE
359,0,White,Stephen,Joines,El Salvador,San Salvador,25,179.48,21.49,master,0,1,2,1,0,0,0,8544.838409,4433.180122,qVTf6Uqrw0,LlepNggc4T,1947.588942,1721.111904,1264.284205,1978.349367,TRUE
360,0,Middle Eastern,Saleel,el-Farran,Comoros,Moroni,24,169.21,26.14,phD,2,1,0,0,0,0,0,8049.107503,5083.520875,nwcX3i4A1C,zPXnJ1UXmZ,718.7217761,1882.173962,1142.3182,712.2542618,TRUE
361,1,Black,Aleya,Loya,Antigua and Barbuda,Saint John's,26,176.68,25.12,bachelor,2,1,2,0,0,0,0,3433.859884,6444.87594,xcttDdvwXG,sJC2d8XcSD,1607.997154,883.2630128,1947.836983,1265.729061,TRUE
362,0,Hispanic,Todd,Gonzalez-Cervantes,Seychelles,Victoria,25,170.89,23.8,phD,2,1,0,2,2,0,0,8283.740279,3712.999309,WpU9KMesgG,zj1WkWmZoS,1683.337046,1828.66259,1386.656951,750.0297764,TRUE
363,0,Black,Kendrick,Prempeh,Mali,Bamako,23,167.67,23.47,master,1,0,0,2,1,0,0,1364.909955,5153.470447,9zDRUj3kfI,mM9sZcW3W2,1604.952692,1831.494525,1425.515071,1802.147912,FALSE
364,1,Asian,Mikaela,Mcdermott,Saint Lucia,Castries,24,180.32,23.08,bachelor,2,2,2,2,1,0,0,8670.576198,2382.233678,6EpEO8P41R,yvVW6uB7ry,991.7189877,1845.857537,1382.92511,1647.013462,TRUE
365,1,American Indian,Destiny,Gilman,Colombia,Bogotá,21,162.4,23.86,primary,1,0,0,2,1,0,0,7971.450201,6549.65998,aC8RuQsXcT,5IXW2nB5qZ,766.1676975,1351.015234,1008.633971,1999.574578,TRUE
366,0,Hispanic,William,Carrasco,Sierra Leone,Freetown,23,167.66,25.13,primary,2,0,1,2,2,0,0,8967.778472,1559.97772,kPDKNpQ9Mt,H6qOGgUrHq,984.4688816,1752.764921,1977.592603,757.5761068,TRUE
367,0,Asian,Abhinav,Jolly,Yemen,Sana'a,25,178.72,23.64,master,1,2,2,1,2,0,0,7157.142298,3294.172945,VATrBHN9DZ,R509qk7rWi,1996.782235,1982.258061,840.0173129,1211.569448,TRUE
368,0,White,Joshua,Tiffin,Ukraine,Kyiv (also known as Kiev),23,161.64,23.88,bachelor,0,2,2,2,0,0,0,5878.936832,6397.93244,qApMuAvJWo,SbL3o0kRnQ,1729.755349,897.6650967,1880.11697,1721.331992,TRUE
369,0,Asian,Vincent,Hong,Slovakia,Bratislava,23,179.5,21.11,primary,0,1,2,2,2,0,0,4441.088341,6346.461933,aluatZN9Vm,Q5FMqQx9Fi,1760.302982,821.3892007,1433.697788,1637.110643,TRUE
370,0,Hispanic,Jeremy,Escobedo,Guinea,Conakry,24,181.05,19.57,high school,2,2,1,2,1,0,0,3292.071264,8297.472912,WpU9KMesgG,y5FzgYcwTy,1639.765254,1654.08348,1259.965624,1517.495798,TRUE
371,0,Asian,Joshua,Chu,Zimbabwe,Harare,24,177.39,23.9,master,0,2,2,1,2,0,0,6887.632678,6202.059139,lu3Bg1Buvs,updQc4EqVy,1024.077604,1871.790734,881.3076729,980.7166257,TRUE
372,1,Middle Eastern,Maariya,el-Masri,Grenada,Saint George's,23,177.17,23.99,high school,2,0,0,0,0,0,0,8737.718101,6240.105877,dbvlRn2hIZ,yd29eEV4mC,1262.559531,988.4323694,754.1244218,1478.881939,TRUE
373,1,White,Kaitlyn,Meichtry,Solomon Islands,Honiara,22,168.3,24.54,master,0,1,1,0,1,0,0,3266.311543,2571.259624,jmIFGI0FgB,Lryn9YWNmi,1458.373081,724.8666464,1717.763225,710.9543724,FALSE
374,0,White,Christian,Gale,Montenegro,Podgorica,26,166.55,20.79,master,2,2,2,2,1,0,0,3136.422905,1867.751719,L29BpZQ44N,fOyIlbNQuz,1984.975454,1196.131933,1775.066432,1354.970739,FALSE
375,0,Black,Richard,Adams Starkey,Dominica,Roseau,23,168.01,23.12,phD,2,1,1,0,0,0,0,6748.656937,7783.237639,f9O8iSB7qv,S0aDTrnujX,1850.625589,1431.018868,1724.621441,1750.765675,TRUE
376,0,Hispanic,Alexander,Chavez,Palestine,Jerusalem (East),22,176.91,26.72,primary,2,1,0,1,0,0,0,6345.610522,2025.219667,iFNOKPYNoL,zKHgTiJ4pW,863.0110671,1302.497027,830.6477504,1943.220991,FALSE
377,0,Black,Maliek,Jackson,Singapore,Singapore,24,180.48,25.53,master,0,0,2,0,0,0,0,7546.505446,5962.873457,TP3vhs6ywe,NcMghJymD8,763.2971736,876.5387279,1677.201519,771.4713158,TRUE
378,0,Hispanic,Daniel,Abeyta,Bulgaria,Sofia,26,167.5,23.29,bachelor,0,0,1,2,0,0,0,7500.554687,7867.546849,7L3RoqA5QF,KN6AAOLgm8,1294.436876,1496.960019,1703.015026,1326.991506,TRUE
379,0,White,Stephan,Dalton,Spain,Madrid,25,166.33,21.25,primary,1,1,2,0,2,0,0,1988.287817,8982.119845,zrBSZLg75Z,U7gAzmTdaa,1713.18193,1877.91888,1010.589344,758.2271619,TRUE
380,0,Hispanic,Jonathan,Perez,New Zealand,Wellington,23,177.61,24.41,high school,1,2,0,1,2,0,0,8407.162612,4528.29482,2b1JAxkQDJ,AiL6uULzat,1517.900152,1829.774727,1341.629868,1768.479705,TRUE
381,1,Asian,Maya,Warnes,Trinidad and Tobago,Port of Spain,24,180.34,29.38,phD,0,1,0,1,0,0,0,2756.950334,8490.429212,UJyjzFc6o5,80VcxAz41n,1451.252099,1485.055253,1693.855235,858.0501359,TRUE
382,0,White,Holden,Lance,Portugal,Lisbon,23,168.55,22.32,master,1,2,2,1,2,0,0,1752.372357,6981.944586,qLNtmYmG4t,SdTHtUEM4N,1073.278823,1442.00327,930.2545364,1995.052097,FALSE
383,1,Middle Eastern,Urwa,al-Gad,Tanzania,Dodoma,23,165.02,26.79,primary,2,0,1,1,1,0,0,890.5140891,7290.652347,ORBzwVoOOl,d1b2pySb9L,1323.638214,1763.689183,1015.060947,1131.690614,FALSE
384,1,Hispanic,Michele,Martinez,Botswana,Gaborone,24,171.63,21.32,master,1,0,2,0,2,0,0,1711.719723,5411.422539,Awo0CGjF6w,BRCos59LnF,1753.241894,1122.053323,742.2142889,1309.034345,FALSE
385,1,Middle Eastern,Suhaa,el-Alli,Indonesia,Jakarta,27,170.19,20.51,phD,0,1,2,0,0,0,0,1934.792107,7847.68508,JJYCjcTjnR,0q37Z4UgW2,783.2129368,721.3689736,1343.795227,1305.573136,TRUE
386,1,White,Haley,Lick,Ireland,Dublin,24,165.24,22.6,high school,2,0,2,0,2,0,0,3992.291573,5213.541633,U6FthaI0yQ,UPx6ksfn9w,1577.519116,745.3746161,1401.471322,987.0345358,TRUE
387,0,Asian,Miki,Hinton,Bolivia,Sucre Le Paz,24,165.92,24.15,phD,0,1,1,2,2,0,0,3658.912191,5882.804134,cTTDNH6dYn,xWTb8myXBO,1876.450887,777.3460728,1550.69338,752.1208211,TRUE
388,1,Middle Eastern,Masroora,el-Naderi,Nigeria,Abuja,23,162.99,25.23,master,2,2,2,0,0,0,0,2579.076812,1926.603322,AgUPfjTUzV,2fM9KIN4nI,1695.918201,1150.717266,1013.020079,1530.101733,FALSE
389,1,Asian,Aspen,Morris,Costa Rica,San Jose,22,168.8,24.72,master,2,2,0,1,2,0,0,1765.284777,7398.21018,Au5W1smI2P,DXBm1N8wZF,1504.5309,1236.888775,981.5371836,1581.555833,TRUE
390,0,White,Jose,Puckett,Thailand,Bangkok,24,171.51,23.39,master,2,0,2,2,2,0,0,2331.468579,3188.067671,kf6oIXQH5K,D4zXICdO3H,709.1237015,1094.185568,1228.114368,1400.999506,FALSE
391,0,Middle Eastern,Shabaan,el-Younes,Nicaragua,Managua,24,176.51,25.38,high school,0,1,2,1,1,0,0,1453.48279,7273.594071,eMX2yMFlzK,gvh4N5IeGk,1734.403066,1883.438158,1126.927294,1133.214911,FALSE
392,1,Middle Eastern,Shakoora,al-Nasir,Portugal,Lisbon,24,167.12,25.25,primary,0,1,0,2,2,0,0,2976.38981,3708.371573,9bxpspL3ln,MrlGhS7kJI,1789.505981,971.3758601,1896.353833,1426.628532,FALSE
393,1,American Indian,Courtney,Nguyen,Lesotho,Maseru,20,168.74,21.88,master,1,0,0,0,2,0,0,5587.417373,3432.576936,PlOnOlhqHV,opGrLvlYQX,1125.517956,1939.194374,1700.224897,1643.454459,TRUE
394,0,Asian,Ali,Jones,Brunei,Bandar Seri Begawan,23,177.44,22.99,bachelor,1,2,2,0,1,0,0,1682.630235,1403.102331,rwxxuJORqB,yrS87ohIyi,1027.228482,1985.047739,951.2079974,1896.032926,FALSE
395,1,Middle Eastern,Ghaaliba,al-Noor,Maldives,Male,26,176.06,21.81,bachelor,1,0,1,0,2,0,0,1072.469452,6008.158088,REZNxbZSMa,i91uDEcpie,1216.548743,1825.130305,1766.149124,936.1305516,FALSE
396,1,Hispanic,Michele,Lugo,Mozambique,Maputo,24,173.92,22.7,master,1,0,2,1,1,0,0,4836.151139,7428.198885,04ZZRj8WgG,SClqCQkV5h,916.5470373,1901.580471,1675.756915,1169.311894,TRUE
397,0,Black,Isaiah,Thurman,Cambodia,Phnom Penh,23,164.32,24.85,phD,2,1,0,1,2,0,0,8705.876294,3807.171925,Phz2l1W707,QwCNHP7LgF,1224.182454,1216.745011,1454.489739,1301.525613,TRUE
398,0,White,Dustin,Gudinski,Djibouti,Djibouti (city),23,169.78,24.61,high school,0,2,1,0,0,0,0,1720.420427,5070.201957,oBFGa6O1VM,Vdrlu0JBq2,774.6726079,740.8030922,1117.663237,1560.34458,FALSE
399,0,Middle Eastern,Suhaib,al-Hashmi,Bangladesh,Dhaka,26,168.06,26.76,phD,0,1,0,0,0,0,0,8393.071443,6743.774877,2O4g7RahOm,PPUKKUbFu1,850.5259176,979.5820293,1948.880626,1828.523679,TRUE
400,0,White,Sean,Bollar,Philippines,Manila,27,165.04,23,phD,2,2,2,0,1,0,0,7613.070034,3324.141337,xJjdtKppOJ,ipVJS7kbvH,1177.551118,1029.077085,950.6397369,1149.137074,TRUE
401,1,American Indian,Shelby,Harjo,Spain,Madrid,21,162.5,21.56,primary,1,0,0,0,1,0,0,6794.165021,5839.403149,6YiI0ghhP1,FE8TEtZENQ,1919.516159,759.6558039,1490.453995,1108.415878,TRUE
402,1,White,Megan,Williamson,Dominica,Roseau,25,179.18,25.68,phD,0,0,2,1,1,0,0,7321.890645,2835.414785,y5FzgYcwTy,VTajSUI3Vv,728.1851787,844.4880591,1661.383118,984.7047775,TRUE
403,0,Black,Donnie,Fite,Netherlands,Amsterdam,24,172.29,28.01,bachelor,2,2,2,1,0,0,0,7494.731423,3094.013259,NcMghJymD8,p5awhbEKpY,1844.760676,1619.105431,1401.378516,1415.983948,TRUE
404,1,Asian,Jenny,Yan,Trinidad and Tobago,Port of Spain,23,169.17,27.46,master,1,2,0,2,0,0,0,4708.672998,7316.987229,UKllChXeOY,6luXQ3Ee8W,1692.548879,1525.533611,783.4217038,1899.54276,TRUE
405,1,Asian,Patricia,Quigley,Mauritius,Port Louis,22,177.9,23.56,high school,0,0,1,0,0,0,0,1439.134711,4947.47389,nA50cr2ahK,gzZcskpFnT,746.3385203,1589.357257,940.4737448,848.7818299,FALSE
406,1,Asian,Lisa,Le,Tanzania,Dodoma,24,179.11,25.34,phD,0,1,0,0,0,0,0,4691.033349,8597.600742,It98JDxb3Y,PYlg7xV97i,1125.556876,1937.895429,1695.901616,820.4520754,TRUE
407,0,White,Demian,Ortiz,Bolivia,Sucre Le Paz,21,177.66,25.79,bachelor,1,1,2,1,2,0,0,1538.259818,7019.816819,d2gVi4ftvg,Phz2l1W707,1442.092942,1720.61708,1612.46061,704.7916679,FALSE
408,0,Middle Eastern,Shihaab,el-Sayed,Malawi,Lilongwe,25,166.8,23.38,master,2,2,2,0,0,0,0,4947.320432,2764.510721,i7UBAJDK91,pEIO3rwE5R,1932.595836,909.1075167,1589.811862,1906.458226,FALSE
409,1,American Indian,Lawanda,Begaye,Iran,Tehran,25,166.95,24.4,bachelor,1,1,2,0,1,0,0,857.8752729,5513.402876,UKBOIXXXE0,9YlMT2rG0e,1733.093661,1324.907374,1569.336991,709.4547867,FALSE
410,1,Asian,Judy,Hall,Russia,Moscow,23,184.6,24.55,bachelor,0,2,1,0,0,0,0,4243.583866,5492.801265,2glj5CNYGZ,FE8TEtZENQ,1432.604745,858.6935423,828.2511105,1204.459884,TRUE
411,0,Middle Eastern,Saood,el-Azer,Lithuania,Vilnius,23,161.66,19.25,master,0,1,0,0,1,0,0,8508.699494,7582.643601,d9l0F6BC31,C1DKbfYGIg,982.3818134,1534.822448,924.0234151,1424.320885,TRUE
412,0,Hispanic,Christian,Lucero,Palestine,Jerusalem (East),26,164.67,22.12,master,2,0,2,1,2,0,0,3169.554062,2500.160429,srDUePodOy,QTXP8ZXSVb,1432.115368,1176.297963,1873.88946,1841.635422,FALSE
413,1,Asian,Cynthia,Samadh,Honduras,Tegucigalpa,25,168.69,26.07,phD,2,2,0,1,1,0,0,5722.569972,1403.938585,PPUKKUbFu1,TEFQyNSLwH,1111.175703,1348.682004,1795.543512,1524.875642,FALSE
414,0,American Indian,Eli,Castro,Montenegro,Podgorica,23,181.47,28.28,primary,2,0,0,2,2,0,0,5833.933402,984.4662911,AdkmqfQqos,L29BpZQ44N,1632.111862,1039.330791,1044.315816,1577.473078,FALSE
415,1,Hispanic,Marissa,Benavidez,Moldova,Chisinau,24,161.4,25.48,primary,2,0,1,1,0,0,0,2808.31514,2456.203359,UKBOIXXXE0,kf6oIXQH5K,1218.996292,934.9710782,1446.779281,973.6349738,FALSE
416,0,Black,Taylor,Honey-Rollie,Netherlands,Amsterdam,22,162.66,20.55,bachelor,1,1,2,0,2,0,0,6637.864008,6203.659481,U2xNA19JjH,q3W48Pfuvl,1619.238432,1987.543665,1790.352982,907.1322507,TRUE
417,1,Asian,Lily,Sua,Palestine,Jerusalem (East),25,163.43,24.9,phD,2,1,2,0,1,0,0,1879.944324,1769.168313,DMUQcQyrmd,H6qOGgUrHq,1943.698358,878.3489076,1367.774285,944.5658694,FALSE
418,1,Black,Autumn,Mathis,Equatorial Guinea,Malabo/Oyala,24,179.22,21.54,master,1,0,0,1,0,0,0,8028.3624,7234.474484,bef3dIzNrA,ZoUhaOuQqt,1288.118274,1783.158928,1167.965268,1305.340049,TRUE
419,1,American Indian,Kristine,Maddux,Belgium,Brussels,23,164.82,24.22,phD,0,0,2,0,2,0,0,7623.484942,2380.249672,HNBfESy2HQ,Phz2l1W707,800.4560942,758.6778239,1903.934956,788.6820699,TRUE
420,0,American Indian,Jordan,Dinae,Lebanon,Beirut,23,166.23,24.76,phD,0,0,1,0,2,0,0,4617.572329,2662.16842,EHHxlNtTsL,iIy8AAKcYH,1730.737511,1404.121364,1242.619322,1118.115048,FALSE
421,1,American Indian,Suzanna,John,Hungary,Budapest,23,165.95,23.4,bachelor,2,1,2,1,2,0,0,6855.987763,6091.737077,VBefej7NlK,RcRuWKf4EC,1127.23451,1071.205298,903.4502191,1056.717392,TRUE
422,1,American Indian,Hunter,Sheya,Greece,Athens,28,175.86,23.17,bachelor,2,0,0,0,2,0,0,4395.803676,8210.228455,gzZcskpFnT,wUBfFh6VNp,1154.805518,829.7925643,732.4311069,1445.195281,TRUE
423,0,White,Logan,Grabe,Timor-Leste,Dili,22,181.57,25.14,master,2,0,1,2,1,0,0,1003.580177,3055.815675,6xmvFFk9LN,ZRqXxXzRsO,729.8929827,1349.177111,768.9103084,1451.46595,FALSE
424,1,Hispanic,Mariah,Maestas,Papua New Guinea,Port Moresby,23,173.77,25.36,primary,0,2,0,1,1,0,0,6270.973344,3445.977927,408mOjKh9h,TAWQEoWjuu,1891.246623,1066.100169,986.3597515,1970.501998,TRUE
425,1,Middle Eastern,Saabiqa,al-Shams,Rwanda,Kigali,24,166.95,27.84,master,2,2,0,0,1,0,0,1741.323345,1490.077317,WONv1E6kuP,wA3oBcSn4v,1241.534154,846.7121664,1895.151633,1889.980825,FALSE
426,1,Asian,Tin Wan,Okubo,Paraguay,Asunción,24,167.09,27.05,master,0,1,2,1,1,0,0,6008.814317,6525.19511,VzJ2n4dUan,nAx0x7kotb,1206.251148,1447.836798,1942.669589,1102.406724,TRUE
427,0,American Indian,James,Garcia,Barbados,Bridgetown,24,178.5,26.8,primary,2,1,2,2,1,0,0,8883.985083,3544.161467,IqPRR9viPf,e74dFXq3KR,1054.883554,1871.260034,1691.796317,1132.699378,TRUE
428,0,White,Nicholas,Kocman,Czechia,Prague,20,164.91,20.07,primary,1,2,1,0,0,0,0,5068.826405,1844.669935,l6pmM592Q7,R2BGBVHZks,878.0769252,889.4470015,953.6170118,1283.063431,FALSE
429,0,Black,Malik,Simmons,Dominica,Roseau,28,166.99,22.94,phD,0,0,1,1,0,0,0,2427.681955,3530.732618,FlYTb2Z0sG,Au5W1smI2P,1102.175524,726.9095968,1330.096511,1235.956734,FALSE
430,0,Black,Dorian,Craft,Saint Kitts and Nevis,Basseterre,27,169.85,25.86,bachelor,0,0,1,2,0,0,0,5232.688244,3538.081352,d9l0F6BC31,nYHWg6DwOp,1020.78579,1515.039071,810.7408771,985.8953392,FALSE
431,0,Hispanic,Paul,Sanchez,Kosovo,Pristina,27,180.31,22.38,primary,2,2,2,2,1,0,0,3386.086436,8993.52312,aC8RuQsXcT,fOyIlbNQuz,1174.936007,1408.758353,1694.819158,1298.017898,TRUE
432,1,White,Stephanie,Folk,Marshall Islands,Majuro,24,164.73,24.38,primary,2,1,2,0,1,0,0,6460.055454,8222.090484,6xmvFFk9LN,XlzSWrOers,1435.200999,1959.510602,1518.042522,899.6733069,TRUE
433,1,Middle Eastern,Aarifa,al-Adel,Maldives,Male,24,161.26,29.65,phD,0,0,0,2,0,0,0,2091.422099,6307.117729,PwCG66Ti4H,gbDsHogEX1,872.7246136,1890.397017,924.3643809,840.4227148,FALSE
434,0,Hispanic,Terry,Santos,NA,Cape Town,25,179.4,22.78,bachelor,0,0,2,2,0,0,0,4548.416874,5064.963211,pB7iSK3YI7,ZoUhaOuQqt,893.2929024,1704.82119,1984.36117,884.157325,TRUE
435,0,Hispanic,David,Vazquez-Sarabia,Qatar,Doha,25,177.25,22.98,bachelor,2,1,1,2,1,0,0,7511.562845,3957.728534,5Lc4ztYczI,lu3Bg1Buvs,1176.83372,1075.564388,1888.617052,721.626524,TRUE
436,0,Hispanic,Esteban,Robledo,Monaco,Monaco,24,161.18,22.7,phD,2,0,0,2,0,0,0,7900.122058,8657.282934,AiL6uULzat,d2gVi4ftvg,773.2578172,1029.455339,1320.254768,1616.240381,TRUE
437,1,American Indian,Alysia,Ditlevson,Czechia,Prague,23,175.24,21.74,primary,1,2,0,0,0,0,0,4374.628769,1672.26484,EX6SYjWBoL,0WMxtric9b,1785.645881,1779.198466,1927.999351,943.1016384,FALSE
438,0,Middle Eastern,Tameem,al-Shaker,Djibouti,Djibouti (city),24,181.6,24.64,high school,0,1,1,2,2,0,0,6061.920893,4323.790071,b3zIfABGMA,YG0U3MBD7S,1589.37352,1298.21273,892.7411117,871.4536629,TRUE
439,1,White,Kristin,Willman,Zambia,Lusaka,25,166.3,21.25,phD,2,2,2,1,2,0,0,1027.074174,2064.619076,7L3RoqA5QF,W7HRwIdVEy,1976.183952,1774.6713,1318.63945,1812.889677,FALSE
440,1,White,Jamie,Uhlman,Sudan,Khartoum,21,170.33,19.07,bachelor,2,0,1,1,1,0,0,8048.923866,2372.488522,f5REc3znzt,DJtyTBshjK,1249.243915,1748.834218,1600.681674,1488.881385,TRUE
441,1,Asian,Avani,Pottorff,China,Beijing,24,162.37,22.23,phD,0,2,0,1,0,0,0,2420.560652,4570.001915,VzJ2n4dUan,6YiI0ghhP1,1608.461148,1293.351111,1496.909785,1348.228969,FALSE
442,1,Hispanic,Mayra,Sanchez,Serbia,Belgrade,22,164.48,21.99,high school,0,1,0,2,1,0,0,3124.92167,1145.985068,d2gVi4ftvg,YYJUIFIaUx,1619.651508,1357.366706,1862.247234,1536.014348,FALSE
443,1,Asian,Kaylene,Wu,Turkmenistan,Ashgabat,26,164.9,22.94,high school,0,1,0,1,2,0,0,1715.631677,2293.531622,s5DBFKV11r,AgUPfjTUzV,1392.873164,1705.956238,1320.84138,1928.971137,FALSE
444,1,Black,Devon,Reid,Suriname,Paramaribo,24,177.3,24.48,primary,1,1,0,2,0,0,0,4127.272399,5259.574455,Mhrh26IbMe,05OgaQd8F7,1156.569472,1617.455741,862.3021564,903.9928282,TRUE
445,0,American Indian,Dennis,Jacquez,Oman,Muscat,23,179,24.56,primary,2,1,1,0,2,0,0,7054.580226,7145.8569,5aXKVH3tKZ,6yOngQTfCY,1293.805172,1622.938308,1820.772091,1811.450031,TRUE
446,0,Black,Ryan,Ashley,Belize,Belmopan,25,178.75,25.56,high school,2,2,2,0,0,0,0,5943.318793,1889.161405,VmiNqfrw6s,h9YId1qMmT,712.5937088,1682.2456,1955.110051,1301.533225,FALSE
447,1,Black,Reona,Hobbs,Marshall Islands,Majuro,22,176.56,24.44,master,1,2,0,2,2,0,0,3894.071576,1328.485665,QrYj6AVibj,AhIY29FMTp,1771.004019,1486.485094,1064.04484,1639.418012,FALSE
448,1,White,Sadie,Watkins,Burundi,Gitega,24,164.19,23.58,high school,1,0,2,1,1,0,0,6893.068967,5206.091057,rMujkR6nv9,8BZ6HW9FOh,1642.007098,791.7427771,1039.669479,1055.932615,TRUE
449,0,Asian,Jota,Mcwilliams,Botswana,Gaborone,26,176.42,21.6,high school,0,0,0,2,1,0,0,5552.890082,5355.213628,3PZoU3UzRO,t6dYSEjZrk,1102.501801,1326.05185,916.1733175,1897.386879,TRUE
450,0,Middle Eastern,Mu'taz,el-Rabbani,Cote d'Ivoire,Yamoussoukro,23,177.88,25.44,high school,0,0,1,1,2,0,0,4747.260708,3737.025845,RcRuWKf4EC,rUPnqlNf5O,1142.622844,1847.921228,1735.969184,1878.499158,FALSE
451,0,Hispanic,John,Hernandez,North Korea,Pyongyang,21,181.37,25.66,primary,0,1,2,2,0,0,0,5687.255858,1258.707024,qGhsMrtY1S,DW7RduPAAz,1115.089618,956.6637135,1546.774346,1238.767886,FALSE
452,1,American Indian,Alicia,Braley,Belize,Belmopan,22,168.08,27.73,high school,2,1,1,1,1,0,0,4610.955036,8629.47289,aC8RuQsXcT,e74dFXq3KR,1482.267776,988.5707292,1130.994505,1790.721451,TRUE
453,0,American Indian,Patrick,Eggleton,Nauru,Yaren District (de facto),26,183.98,23.36,high school,0,1,0,1,1,0,0,6190.654371,6636.207676,UYl7UzWwKH,2TPOOheAh2,1343.777034,1230.463946,1944.168944,1673.813509,TRUE
454,0,White,Zachary,Siekmeier,Kenya,Nairobi,24,173.02,26.62,master,2,1,2,1,0,0,0,2245.667205,1034.601675,FlYTb2Z0sG,WvgyIlZYjl,1991.165718,1900.846255,1560.636389,1290.270687,FALSE
455,0,Black,Joshua,Summers,Portugal,Lisbon,24,166.73,24.4,primary,2,2,0,0,1,0,0,7567.323261,4013.438285,i7UBAJDK91,keYoHLBPvl,775.5197184,1343.138291,1014.283914,831.7411654,TRUE
456,1,Hispanic,Monica,Jaramillo,Kuwait,Kuwait City,23,178.13,23.2,master,2,1,2,1,0,0,0,6363.786123,2131.501795,L0KNq4bdvh,5m2XuFzwno,1955.715484,1037.040914,1374.524398,1102.921084,FALSE
457,0,Hispanic,Noel,Sagaribay,Suriname,Paramaribo,25,173.85,20.98,master,2,0,0,1,2,0,0,5060.677311,7294.975527,8KkriJCsva,BRCos59LnF,978.3095338,1398.852919,1049.525944,1058.25867,TRUE
458,1,Middle Eastern,Juhaina,el-Farran,Marshall Islands,Majuro,22,177.87,28.07,master,1,2,2,0,0,0,0,5509.2083,841.7394384,qwfE5FLqhp,nwcX3i4A1C,1523.398473,1401.814079,708.1065039,1651.699185,FALSE
459,1,Hispanic,Karla,Lopez,Slovenia,Ljubljana,23,170.38,24.68,phD,1,2,0,1,1,0,0,5696.266918,4863.300598,sheOXLyiZe,fOyIlbNQuz,798.2001498,1312.910011,1548.762354,1619.193553,TRUE
460,0,American Indian,Wilbert,Gonzales,Mexico,Mexico City,24,176.51,25.68,master,0,2,0,0,2,0,0,836.1034325,4636.448495,aC8RuQsXcT,VhlNkeHEth,1866.310941,1670.083326,1135.026251,1642.212895,FALSE
461,1,Black,Lakeshia,Ward,Mozambique,Maputo,26,174.11,25.03,phD,2,2,1,0,1,0,0,4737.839209,8518.697122,2glj5CNYGZ,lu3Bg1Buvs,1916.91667,1845.62886,1018.675622,1091.422084,TRUE
462,1,White,Patricia,Mcsweeney,Malaysia,Kuala Lumpur,26,166.71,23.56,high school,0,2,2,2,0,0,0,8672.824183,7685.166363,QbjmNZU2AS,W7HRwIdVEy,1991.965918,1982.470758,1037.511035,1606.360429,TRUE
463,1,Middle Eastern,Muzaina,el-Sayed,Belize,Belmopan,24,175.64,21.45,primary,2,1,0,0,2,0,0,8706.096296,4648.81367,cTTDNH6dYn,5IXW2nB5qZ,979.8758176,1883.55003,1936.634312,1939.921681,TRUE
464,1,Black,Janei,Reagor,Portugal,Lisbon,26,167.88,25.27,high school,0,0,0,0,2,0,0,8823.751342,4444.049354,frOpw59C0l,Au5W1smI2P,1429.40314,874.2155726,1575.260365,1020.583616,TRUE
465,0,American Indian,Darwyn,Exum,Haiti,Port-au-Prince,26,178.7,24.66,bachelor,2,1,0,1,0,0,0,4267.483442,3681.038525,DrlFBABKU4,nbuSZKeUAX,1564.091901,1797.618828,1503.813892,1709.388259,FALSE
466,1,White,Jaylin,Mcdaniel,Spain,Madrid,22,180.16,23.04,high school,0,2,1,1,2,0,0,3147.837198,8312.893444,LcYDfINzCx,REZNxbZSMa,1117.121957,893.5534077,1500.877435,1568.78873,TRUE
467,0,White,Austin,Kleidon,Kyrgyzstan,Bishkek,21,175.69,21.21,master,2,1,2,1,2,0,0,8753.639451,4761.598391,pwLAlqDLVY,SnaAdx6kty,1056.500097,1527.444366,759.5059053,1498.281069,TRUE
468,0,Hispanic,Christopher,Bernal,Maldives,Male,25,168.78,25.05,primary,0,1,0,1,2,0,0,1113.361244,2483.718724,05OgaQd8F7,VhlNkeHEth,1190.284402,701.8573297,1044.124643,950.2909204,FALSE
469,0,White,Carl,Barkman,Myanmar,Naypyidaw,25,183.86,23.68,high school,0,2,2,2,0,0,0,1370.31824,2983.412011,qVTf6Uqrw0,EvUEUV28Dq,1528.70579,1825.343874,782.7333592,916.7686895,FALSE
470,1,American Indian,Selena,Pacheco,Kosovo,Pristina,23,185.09,21.59,primary,0,2,2,1,1,0,0,1591.968112,2866.550137,zOwls6nu65,sfBI6VXgNp,1325.05082,939.6474942,1335.084549,1685.282385,FALSE
471,1,White,Sienna,Mcbride,Benin,Porto-Novo,23,180.03,23.37,master,0,1,1,0,2,0,0,3228.418427,6449.857465,3yMzWXA46x,SdTHtUEM4N,1616.856672,854.0888088,1386.651933,1337.036901,TRUE
472,0,American Indian,Draven,Swift,Somalia,Mogadishu,20,169.45,23.13,bachelor,1,2,2,2,2,0,0,2549.84214,5936.890036,IqPRR9viPf,4Ydcb5nl3n,1991.604496,870.6533412,825.8976934,1435.010732,FALSE
473,1,Black,Erika,Khabir,Cuba,Havana,24,177.18,22.05,bachelor,1,2,0,0,1,0,0,8063.991912,7543.037188,iFNOKPYNoL,czJUutcY9I,1573.607249,1660.655075,756.281197,1089.298849,TRUE
474,0,Asian,Ryan,Mau,Albania,Tirana,24,167.57,23.56,phD,2,1,0,1,1,0,0,5697.970334,3253.564539,qApMuAvJWo,gbDsHogEX1,1375.901585,1929.509507,1484.068897,734.922579,FALSE
475,0,Hispanic,Christopher,Trujillo,Philippines,Manila,23,164.63,22.2,high school,2,2,0,1,1,0,0,1542.114164,2852.64152,s2jXta29OY,B2tNA1RZ3S,1299.77614,871.2479244,1954.007736,1426.970237,FALSE
476,1,Hispanic,Hannah,Carranza,Denmark,Copenhagen,23,170.39,24.74,phD,0,0,2,1,1,0,0,6589.615653,7356.808971,nYHWg6DwOp,XZbxqqU9ao,1608.041811,1166.677507,1068.050324,1000.999336,TRUE
477,1,Black,Jaya,Foster,Thailand,Bangkok,26,173.89,24.58,phD,1,0,2,1,2,0,0,4414.999656,3742.786603,Lryn9YWNmi,qEuAojliGU,1492.374256,1211.94963,1333.108438,838.8807066,FALSE
478,0,Asian,Trevon,Moon,Sierra Leone,Freetown,26,169.66,21.93,phD,2,0,2,2,2,0,0,2152.745041,6900.63003,W53ysTHMjk,aC8RuQsXcT,1858.499307,1080.561115,1593.552709,904.7620538,TRUE
479,1,Hispanic,Stephanie,Nunez,Jamaica,Kingston,26,167.35,23.13,primary,2,2,0,2,0,0,0,5425.596813,7665.425926,f9O8iSB7qv,xzyG1UtmuQ,1819.996533,892.79133,1862.08032,1141.966284,TRUE
480,1,White,Vanessa,Peppler,Brunei,Bandar Seri Begawan,24,169.04,21.72,bachelor,1,0,1,1,1,0,0,4612.770071,1016.339555,qGhsMrtY1S,s2jXta29OY,985.3734112,984.0758564,1522.621339,835.4924045,FALSE
481,1,Middle Eastern,Saleema,el-Syed,Bahrain,Manama,22,163.61,22.35,primary,2,0,0,0,2,0,0,3652.154729,2206.618569,BRCos59LnF,czJUutcY9I,1089.951098,1763.081916,1023.357423,1715.302924,FALSE
482,0,White,Zeb,Madson,South Sudan,Juba,24,167.25,22.8,primary,0,1,2,2,0,0,0,5438.425263,4445.876831,DJtyTBshjK,It98JDxb3Y,1966.6543,1766.928671,892.8872326,1596.841192,TRUE
483,1,Hispanic,Gabriela,Baca,Palau,Ngerulmud,24,174.59,27.72,phD,0,1,0,0,1,0,0,3091.317139,7674.724919,ZoUhaOuQqt,6YiI0ghhP1,1942.812631,1816.208417,1391.107896,1132.398795,TRUE
484,0,White,Geoffrey,Marsh,Iraq,Baghdad,23,168.96,22.42,master,2,2,0,2,2,0,0,7747.818396,4294.234011,sheOXLyiZe,h7mbhdtXFI,1303.903586,1211.370502,1814.980959,1469.41493,TRUE
485,1,Black,Memories,Moore,Barbados,Bridgetown,25,179.53,25.31,primary,1,0,2,2,1,0,0,6696.950615,8174.363557,YG0U3MBD7S,ecGhP76InJ,1672.822758,800.7914282,1491.071142,1296.054711,TRUE
486,0,Middle Eastern,Zayyaan,al-Moghaddam,Afghanistan,Kabul,22,174.1,27.41,high school,0,0,2,1,1,0,0,1791.233433,7296.280733,XlzSWrOers,9bxpspL3ln,1034.193866,1347.436105,750.9865092,874.2532014,TRUE
487,0,Middle Eastern,Baaqir,el-Hammoud,Vatican City (Holy See),Vatican City,24,177.23,22.57,master,0,0,2,2,0,0,0,1225.570203,8665.870065,yrS87ohIyi,8yy4FPWFyH,1493.427545,1442.988008,1124.132357,1565.715863,TRUE
488,0,American Indian,Brandon,Lafferty,Myanmar,Naypyidaw,23,161.96,23,bachelor,2,2,2,2,1,0,0,6532.034748,1475.054198,T9yoobID4O,rAEWU9PmnL,1923.124319,1809.514854,1843.583702,803.349882,FALSE
489,0,Middle Eastern,Maaiz,al-Ahmed,Ghana,Accra,25,170.35,22.72,phD,2,1,2,1,2,0,0,5114.010118,6248.72144,fshQyKUYJU,yd29eEV4mC,812.6962333,993.2992504,1637.09584,1015.376445,TRUE
490,1,Middle Eastern,Najeeba,al-Malak,Germany,Berlin,24,165.07,23.32,bachelor,1,2,1,1,0,0,0,2545.428308,7609.468947,VLjVgL5N5r,zrBSZLg75Z,1933.3772,973.0647751,1037.593397,1539.475822,TRUE
491,0,Asian,Phillip,Shin,Venezuela,Caracas,26,166.32,22.77,high school,1,2,2,2,2,0,0,4242.585045,4282.002528,D5bv01CkCW,RIOghI6FOP,1954.558502,1861.487399,1204.22081,1039.648281,FALSE
492,0,White,Trevor,Monroe,Mauritania,Nouakchott,24,171.91,22.25,phD,0,0,1,2,2,0,0,2056.151541,4019.270673,AdkmqfQqos,xzyG1UtmuQ,999.5840912,1090.596129,703.8508506,1235.386342,FALSE
493,1,Asian,Pariss,Pohl,Eswatini,Mbabane/Lobamba,22,183.92,24.32,high school,0,2,0,2,0,0,0,6240.302099,1189.327486,lNl0LEbKXd,nkqtu8yD4R,1707.010098,1002.04735,1943.936668,1272.695747,FALSE
494,1,Hispanic,Angela,Simonson,Jordan,Amman,27,168.42,26.89,master,2,2,0,0,1,0,0,4421.360598,6450.586347,wyDO3oVx7A,POr9KxpHK5,1693.600681,1598.069941,1731.808873,1125.280089,TRUE
495,0,Middle Eastern,Nadheer,el-Musa,Comoros,Moroni,22,163.34,23.59,master,0,1,0,0,2,0,0,7492.305046,1369.02464,jZCWLfIDae,6luXQ3Ee8W,1697.205413,1502.613543,1878.81634,1220.727975,FALSE
496,1,Black,Nicole,Davis,Taiwan,Taipei,24,167.31,23.95,high school,2,1,0,1,1,0,0,2405.135961,6147.976128,nYVCJqXqT0,D5bv01CkCW,1410.756869,737.7601813,1603.296846,1816.529197,FALSE
497,1,American Indian,Alexis,Lewis,Trinidad and Tobago,Port of Spain,26,178.84,28.18,primary,2,2,0,2,1,0,0,2021.758305,6034.984159,U2xNA19JjH,gbDsHogEX1,967.7853,1273.269868,1235.533788,1528.665421,FALSE
498,1,American Indian,Jonni Lynn,Lofton,Switzerland,Bern,25,172.41,23.39,phD,2,1,1,0,1,0,0,7102.04572,1063.642273,kpY9Ej2mVA,srDUePodOy,1909.786493,1915.516916,815.1681613,1109.981433,FALSE
499,0,Asian,Moss,Mangat,United Arab Emirates,Abu Dhabi,20,171.1,19.77,bachelor,1,0,0,0,2,0,0,3083.762454,4298.833609,aabRxkzonD,SAvc3kWhVB,918.2518051,1069.75753,821.327997,1183.262239,FALSE
500,1,American Indian,Ariana,Sullivan,"Congo, Democratic Republic of the",Kinshasa,25,173.55,23.85,phD,0,0,0,1,1,0,0,4653.662506,8475.023553,3yMzWXA46x,ZjNEo4xgDp,1215.500705,936.4906647,1913.204836,965.7262681,TRUE
